Source;Target;DegreeSource;Degreetarget;Capacities
1994;1997;6;5;34012
1991;1996;6;5;33976
1936;1996;6;5;33916
1932;1989;5;5;19448
1919;1943;6;5;32532
1910;1951;6;5;32734
1890;1893;6;5;31658
1881;1955;5;5;18735
1879;1887;6;4;15799
1878;1934;7;5;47990
1878;1921;7;4;24741
1869;1873;6;3;3915
1867;1870;6;5;31146
1854;1965;6;5;33155
1853;1889;6;5;31513
1846;1871;6;5;31175
1843;1901;6;5;31689
1840;1995;6;5;33885
1838;1863;6;4;15460
1835;1924;6;4;16322
1826;1995;5;5;19770
1816;1866;6;4;15540
1812;1960;5;5;18839
1806;1959;6;5;33047
1806;1907;6;5;31909
1801;1914;5;5;18477
1800;1986;6;5;33597
1786;1961;5;5;18864
1783;1807;5;4;5703
1778;1844;5;4;5812
1772;1931;5;4;6323
1765;1881;6;5;31430
1762;1780;6;4;14461
1755;1841;5;4;5777
1749;1879;6;6;56901
1739;1852;6;5;30633
1736;1809;6;3;3528
1734;1985;4;5;7913
1730;1936;4;6;16475
1728;1861;6;5;30722
1721;1937;4;5;6470
1720;1991;4;6;17051
1715;1914;6;5;32008
1714;1976;5;5;19098
1714;1794;5;5;17755
1713;1975;5;5;19001
1697;1877;6;5;31315
1695;1928;6;3;4018
1695;1915;6;4;16021
1690;1987;6;5;33616
1689;1924;4;4;2912
1685;1964;4;5;6743
1684;1751;6;5;29416
1682;1944;5;4;6525
1671;1964;6;5;33054
1671;1818;6;5;30163
1666;1908;6;5;31937
1662;1953;5;3;2336
1657;1907;6;5;31751
1656;1747;6;4;14253
1653;1763;8;5;70166
1653;1697;8;6;111251
1653;1869;8;6;112995
1652;1977;5;5;19159
1651;1749;5;6;29278
1648;1862;5;4;5864
1646;1999;8;5;72436
1646;1755;8;5;69636
1646;1867;8;6;112968
1641;1821;6;3;3609
1638;1774;7;5;46450
1638;1662;7;5;45552
1630;1685;7;4;23876
1630;1674;7;2;1162
1622;1874;5;5;17939
1621;1891;6;5;31547
1611;1835;5;6;30365
1607;1880;11;3;41960
1607;1694;11;4;88636
1607;1644;11;4;87473
1607;1857;11;3;41768
1607;1688;11;3;41142
1607;1662;11;5;141800
1604;1860;6;5;30700
1603;1921;6;4;16039
1601;1857;8;3;15420
1601;1742;8;5;69627
1601;1647;8;4;38338
1599;1885;6;3;3923
1599;1773;6;3;3508
1597;1932;4;5;6445
1594;1663;5;4;5067
1588;1620;6;2;432
1586;1993;3;5;2538
1583;1670;4;5;5145
1578;1992;4;5;7985
1572;1958;6;4;16689
1565;1795;4;5;5593
1555;1885;5;3;2216
1552;1837;6;4;15109
1548;1689;7;4;23924
1548;1737;7;4;24256
1545;1719;5;4;5478
1541;1854;4;6;15401
1534;1997;6;5;33999
1530;1996;4;5;8117
1527;1965;6;5;33120
1521;1704;8;4;38537
1521;1551;8;3;12796
1521;1550;8;4;38177
1514;1576;4;5;4836
1509;1976;6;5;33450
1509;1963;6;5;33048
1507;1865;8;4;39285
1507;1707;8;4;38647
1507;1538;8;4;37975
1506;1936;5;6;32167
1501;1969;6;4;16748
1491;1954;4;5;6585
1485;1812;5;5;17778
1484;1529;5;3;1578
1481;1714;8;5;69294
1481;1910;8;6;114032
1481;1871;8;5;71488
1474;1627;6;5;28269
1472;1909;6;3;4008
1471;1850;5;4;5823
1470;1772;5;5;17402
1463;1967;4;5;7409
1461;1656;6;6;54781
1451;1981;5;4;7799
1449;1901;4;5;6136
1440;1902;5;5;18443
1440;1764;5;5;17380
1437;1926;5;4;6306
1429;1570;5;4;4786
1425;1719;7;4;24017
1425;1655;7;3;9419
1425;1477;7;4;23222
1421;1960;5;5;18750
1420;1601;5;8;67961
1419;1665;6;3;3458
1415;1966;4;5;7386
1410;1792;8;5;70477
1410;1520;8;5;67763
1410;1483;8;3;12269
1410;1500;8;5;67571
1409;1583;5;4;4880
1408;1773;6;3;3487
1408;1409;6;5;27054
1402;1889;5;5;18135
1388;1690;6;6;55540
1386;1897;5;4;6120
1385;1962;6;4;16735
1384;1419;6;6;52978
1375;1852;7;5;47164
1375;1838;7;6;80860
1375;1534;7;6;78730
1370;1971;6;5;33333
1367;1781;3;5;1795
1359;1774;6;5;29492
1354;1408;4;6;12009
1353;1402;7;5;43213
1353;1833;7;5;47091
1351;1671;6;6;54953
1340;1867;4;6;15573
1339;1995;5;5;19591
1336;1963;4;5;6680
1335;1985;6;5;33577
1333;1599;7;6;79092
1333;1785;7;4;24457
1330;1728;8;6;112093
1330;1698;8;3;13860
1330;1486;8;5;67016
1321;1838;4;6;15262
1318;1975;4;5;7703
1318;1638;4;7;23812
1310;1650;5;2;43
1309;1970;4;5;7597
1306;1678;5;3;1662
1305;1654;5;4;5041
1299;1944;6;4;16523
1299;1861;6;5;30700
1298;1959;4;5;6643
1293;1851;5;5;17894
1289;1461;6;6;53167
1289;1291;6;4;11557
1275;1867;5;6;30742
1270;1277;7;3;8661
1270;1648;7;5;45552
1269;1627;7;5;45256
1269;1385;7;6;77121
1267;1653;5;8;68697
1263;1803;6;3;3525
1262;1952;12;4;114302
1262;1782;12;3;56048
1262;1903;12;4;114019
1262;1565;12;4;109143
1262;1507;12;8;530980
1262;1455;12;4;107713
1262;1378;12;5;180772
1262;1633;12;4;110473
1259;1706;6;4;13963
1254;1425;5;7;44022
1248;1466;7;3;9084
1248;1527;7;6;78383
1243;1949;4;5;6551
1240;1705;7;5;45690
1240;1767;7;5;46436
1234;1888;6;3;3954
1233;1503;5;5;17138
1231;1607;7;11;329271
1231;1581;7;5;44956
1222;1702;7;2;1256
1222;1533;7;4;23263
1220;1864;8;4;39259
1220;1734;8;4;38799
1220;1689;8;4;38437
1220;1950;8;3;16545
1217;1714;9;5;97003
1217;1687;9;4;55538
1217;1341;9;4;52147
1217;1221;9;3;21032
1212;1509;6;6;53999
1206;1997;5;5;20022
1203;1467;5;4;4518
1201;1875;10;5;119449
1201;1693;10;5;119107
1201;1427;10;3;27349
1201;1414;10;3;27106
1201;1411;10;5;117909
1200;1623;7;4;23648
1200;1396;7;4;23146
1200;1410;7;8;157496
1199;1429;3;5;1474
1197;1630;4;7;23701
1196;1493;6;5;28090
1196;1587;6;4;13077
1195;1388;6;6;52727
1191;1548;5;7;44693
1186;1830;5;3;1964
1184;1998;4;5;8205
1183;1613;9;4;54684
1183;1939;9;5;98027
1183;1419;9;6;134166
1183;1550;9;4;54446
1181;1938;4;5;6491
1179;1922;5;5;18636
1177;1904;5;5;18454
1173;1764;9;5;97102
1173;1553;9;3;21562
1173;1489;9;5;95426
1173;1717;9;4;55660
1173;1979;9;5;98702
1166;1741;6;4;14153
1163;1865;11;4;90000
1163;1808;11;4;89040
1163;1555;11;5;141365
1163;1310;11;5;139365
1163;1381;11;3;40766
1163;1740;11;5;142886
1154;1864;6;4;15495
1146;1792;6;5;29726
1146;1740;6;5;29118
1141;1811;4;4;2895
1140;1636;7;4;23751
1140;1412;7;3;8861
1140;1437;7;5;44281
1138;1235;7;3;8607
1138;1330;7;8;156492
1133;1670;6;5;28355
1128;1930;6;4;16340
1126;1812;9;5;97625
1126;1307;9;3;21244
1126;1856;9;2;3839
1126;1186;9;5;93817
1125;1870;7;5;47315
1125;1681;7;3;9530
1123;1379;7;4;23129
1123;1248;7;7;114337
1121;1989;4;5;7973
1118;1931;6;4;16349
1117;1882;6;2;647
1116;1602;6;4;13078
1116;1511;6;3;3420
1115;1190;7;4;22472
1115;1521;7;8;159986
1113;1979;5;5;19205
1111;1967;8;5;72323
1111;1850;8;4;39125
1111;1489;8;5;67080
1110;1469;8;4;37808
1110;1241;8;4;36892
1110;1493;8;5;67486
540;1758;13;1;1007
540;1515;13;5;223256
540;1086;13;7;479654
540;995;13;5;220178
540;873;13;4;125306
540;788;13;5;217073
540;694;13;4;124480
540;693;13;5;216879
540;816;13;4;125053
539;1697;10;6;186204
539;1608;10;3;28232
539;1512;10;5;118598
539;573;10;4;58792
539;1336;10;4;65060
539;1011;10;7;258569
538;1938;9;5;97778
538;1069;9;6;132763
538;759;9;4;49804
538;582;9;5;90878
530;1782;10;3;29542
530;1415;10;4;65898
530;1633;10;4;68192
530;1373;10;4;65624
530;1126;10;9;463082
530;1835;10;6;187462
527;772;5;10;116139
526;1981;6;4;16817
525;1956;6;5;32850
525;1903;6;4;16001
524;1825;6;5;30186
522;1501;6;6;53920
522;1677;6;4;13498
520;1974;5;5;18922
515;1736;6;6;56026
515;1646;6;8;110786
514;1926;3;4;833
513;1485;7;5;44345
513;833;7;11;325829
512;994;11;3;39631
512;748;11;6;230315
512;847;11;8;437817
512;1162;11;4;84312
512;1559;11;4;86900
512;1260;11;4;85296
511;1827;6;4;15023
511;1507;6;8;107981
507;1461;7;6;77937
507;1389;7;3;8729
506;1900;17;5;429309
506;1647;17;4;243062
506;1532;17;4;242716
506;1280;17;4;241740
506;1471;17;5;424439
506;1384;17;6;595085
506;615;17;6;589172
506;739;17;3;121897
506;1428;17;4;242463
506;721;17;4;238940
506;866;17;10;1443218
506;1052;17;6;593439
505;1999;18;5;477325
505;1858;18;5;475000
505;1536;18;3;134454
505;1059;18;7;875021
505;1397;18;3;134085
505;917;18;8;1076716
505;1918;18;5;475876
505;642;18;11;1880659
505;660;18;16;3578327
505;790;18;4;276761
505;778;18;3;131580
505;1113;18;5;462841
505;1263;18;6;669230
503;1809;18;3;134959
503;1754;18;3;134793
503;1475;18;3;134377
503;636;18;5;454494
503;1656;18;6;673794
503;1611;18;5;472601
503;596;18;5;453338
503;661;18;5;454665
503;1068;18;8;1087604
503;807;18;11;1881270
503;825;18;3;131941
503;1254;18;5;464698
503;1050;18;7;874937
501;1490;6;5;27939
500;623;5;20;563190
497;1992;10;5;120851
497;1294;10;4;64648
497;903;10;7;258098
497;898;10;5;117340
497;658;10;4;59167
497;1455;10;4;66595
496;1922;10;5;120245
496;1774;10;5;119215
496;1468;10;3;27695
496;1312;10;4;64755
496;1835;10;6;187288
495;993;6;3;2935
493;1957;3;5;2348
490;1704;11;4;88732
490;1242;11;5;138924
490;1142;11;4;84273
490;656;11;6;229211
490;563;11;3;39324
490;1014;11;3;39688
489;1952;15;4;191026
489;1918;15;5;305961
489;957;15;7;617798
489;849;15;4;173398
489;1012;15;3;93304
489;1262;15;12;1644249
489;1738;15;5;304454
489;1752;15;4;186800
489;1211;15;4;178979
489;1849;15;5;305122
488;1917;16;4;216333
488;1636;16;4;214027
488;1580;16;4;212899
488;1843;16;6;538198
488;1501;16;6;530115
488;614;16;8;886772
488;576;16;6;516789
488;1473;16;4;210971
488;1081;16;2;35634
488;1091;16;4;207077
488;1480;16;4;211400
487;1971;19;5;510966
487;1930;19;4;324791
487;1900;19;5;510535
487;1470;19;5;504368
487;1456;19;4;321216
487;1411;19;5;503525
487;664;19;4;309072
487;996;19;5;500028
487;555;19;14;3101334
487;559;19;8;1205800
487;618;19;6;704757
487;1053;19;2;57171
487;926;19;4;312651
487;1016;19;4;315434
485;1996;13;5;227475
485;1937;13;5;226741
485;1492;13;4;128165
485;1423;13;3;58406
485;1720;13;4;128701
485;1409;13;5;222735
485;1953;13;3;58722
485;1093;13;4;126930
482;1418;14;5;264231
482;1085;14;3;74459
482;781;14;2;22167
482;1158;14;3;74686
482;628;14;6;400290
482;527;14;5;250088
482;904;14;4;152400
482;788;14;5;253997
482;1326;14;3;76714
480;1933;14;5;269581
480;496;14;10;1010987
480;877;14;4;151488
480;762;14;2;22113
480;606;14;4;149574
480;809;14;4;150833
480;1173;14;9;878007
480;1914;14;5;268848
480;1638;14;7;544722
477;1959;4;5;6611
475;1913;9;4;56982
475;1846;9;6;135099
475;1519;9;5;95902
475;918;9;4;50420
474;1786;8;5;70370
474;1669;8;4;38418
474;1919;8;6;114111
473;1386;11;5;140275
473;1037;11;7;327133
473;1623;11;4;87419
473;726;11;4;81529
473;877;11;4;82043
473;630;11;9;546818
473;1526;11;3;40944
471;1944;7;4;24799
471;1814;7;5;46902
470;1495;6;2;338
470;1332;6;4;11746
468;1587;11;4;87154
468;1366;11;5;139934
468;1314;11;4;85524
468;1301;11;4;85452
468;1197;11;4;84556
468;716;11;6;229803
468;1542;11;4;86892
466;1303;7;3;8668
466;702;7;3;8230
466;794;7;3;8588
465;1950;8;3;16544
465;1764;8;5;70300
465;1535;8;3;12787
465;933;8;5;62130
461;1954;7;5;48634
461;1868;7;5;47277
461;1723;7;5;45737
459;1920;14;5;269556
459;1335;14;6;412337
459;1126;14;9;876390
459;1466;14;3;78217
459;493;14;3;72518
459;1479;14;4;158509
459;1482;14;4;158785
459;1617;14;3;79350
459;1749;14;6;418511
457;1831;10;4;71052
457;1070;10;6;176956
457;1059;10;7;259634
457;1043;10;6;176016
457;560;10;3;25230
453;1848;5;5;17849
452;964;14;4;152474
452;1601;14;8;700534
452;588;14;4;149464
452;757;14;3;73171
452;1146;14;6;409535
452;1784;14;5;267739
452;1878;14;7;544878
452;1298;14;4;156336
452;1723;14;5;265776
450;1700;10;3;28747
450;1070;10;6;176789
450;1139;10;4;63135
450;1009;10;7;258496
450;833;10;11;682199
449;1985;14;5;270601
449;1641;14;6;416111
449;518;14;4;149312
449;1818;14;5;268328
449;870;14;5;257246
449;872;14;5;257313
449;878;14;6;404679
449;1058;14;11;1229007
449;1176;14;5;260877
449;1820;14;4;163216
447;1891;7;5;47622
447;1933;7;5;47900
447;490;7;11;324957
446;1343;13;2;20180
446;1649;13;5;224976
446;973;13;4;125803
446;573;13;4;123226
446;1674;13;2;20398
446;1544;13;3;58477
446;1245;13;5;221314
446;1306;13;5;221632
446;1020;13;3;57719
442;1130;10;2;4244
442;1122;10;3;26049
442;478;10;4;58747
442;1355;10;4;65614
442;614;10;8;347495
441;841;14;3;73231
441;1733;14;4;162339
441;1153;14;2;22431
441;734;14;4;150541
441;553;14;7;540039
441;1133;14;6;409287
441;1497;14;4;159804
441;1161;14;4;153289
441;1643;14;3;79419
438;1794;8;5;70554
438;1848;8;5;71059
438;1627;8;5;68119
436;1845;12;4;112741
436;1347;12;3;52226
436;914;12;6;278619
436;898;12;5;173691
436;828;12;7;403945
436;1942;12;5;190887
436;1038;12;4;103441
435;1878;6;7;80943
433;1822;6;4;14798
432;1891;13;5;226133
432;1410;13;8;603875
432;1143;13;4;127271
432;1002;13;4;126022
432;999;13;5;220200
432;1393;13;1;969
432;1042;13;4;126411
432;1109;13;3;57794
431;1362;9;3;21310
431;1118;9;6;133185
431;827;9;4;50198
431;1249;9;4;51962
430;1954;12;5;191103
430;1868;12;5;188774
430;1167;12;5;178374
430;1559;12;4;109048
430;1429;12;5;182315
430;731;12;3;49740
430;1802;12;2;14605
430;1618;12;5;185100
429;1954;24;5;802266
429;1914;24;5;798603
429;1837;24;4;536696
429;1813;24;4;536604
429;1619;24;2;110339
429;1306;24;5;772563
429;1302;24;5;772182
429;1186;24;5;769143
429;1878;24;7;1432287
429;760;24;4;517879
429;472;24;4;513262
429;1101;24;1;10816
429;492;24;3;272985
429;817;24;7;1414440
429;536;24;4;516001
429;1641;24;6;1105114
429;887;24;4;518840
429;854;24;3;276963
429;941;24;5;761981
428;1588;13;6;336398
428;823;13;3;57657
428;1571;13;5;223633
428;518;13;4;122725
428;505;13;18;2474604
428;1520;13;5;223592
428;512;13;11;1053444
428;1106;13;5;221069
427;1789;8;5;70408
427;808;8;5;60963
427;1389;8;3;11935
426;1940;15;5;306650
426;1735;15;5;303812
426;1629;15;3;96487
426;974;15;5;295049
426;885;15;4;173621
426;927;15;3;92716
426;1536;15;3;96074
426;538;15;9;948044
426;1385;15;6;470083
426;1711;15;4;186330
424;1896;26;4;606316
424;1729;26;4;605904
424;1263;26;6;1272821
424;1246;26;3;333115
424;1170;26;3;332751
424;1105;26;6;1270424
424;1997;26;5;913408
424;1011;26;7;1682182
424;635;26;5;906004
424;513;26;7;1680848
424;1458;26;4;603947
424;617;26;5;903734
424;657;26;4;600768
424;941;26;5;909437
424;448;26;4;599576
424;442;26;10;3009736
424;1126;26;9;2497267
424;894;26;4;602253
424;1394;26;3;334868
424;1046;26;7;1682434
424;901;26;5;909215
423;1597;9;4;54480
423;1540;9;4;54318
423;897;9;7;195215
423;839;9;5;92565
423;1166;9;6;133607
421;1248;9;7;197143
421;610;9;3;20462
421;885;9;4;50255
421;599;9;4;49315
419;1891;10;5;119602
419;693;10;5;115902
419;647;10;7;251647
419;653;10;10;565303
419;977;10;2;4194
418;1983;7;5;48972
418;1881;7;5;47620
418;506;7;17;734271
417;1987;5;5;19276
415;1118;6;6;50869
414;1345;9;4;52178
414;424;9;26;2474261
414;1206;9;5;94026
414;1590;9;3;21576
414;1270;9;7;197826
412;1574;16;4;212274
412;1280;16;4;209850
412;1222;16;7;698827
412;790;16;4;203718
412;815;16;3;102383
412;723;16;3;100799
412;1074;16;4;206411
412;746;16;4;203665
412;850;16;3;102397
412;910;16;3;102786
412;1017;16;4;206386
411;1667;11;3;40978
411;1520;11;5;141283
411;1190;11;4;84532
411;554;11;29;4179830
411;1604;11;6;235174
411;1181;11;4;84498
409;764;6;4;10547
406;1759;8;5;70096
406;1502;8;2;2819
406;1413;8;3;12054
405;1752;7;4;24448
405;1715;7;6;79764
405;1861;7;5;47247
404;1266;13;3;58141
404;953;13;3;57681
404;1454;13;3;58473
404;830;13;5;218358
404;633;13;10;905648
404;1836;13;4;129421
404;1470;13;5;223048
404;794;13;3;57585
404;1892;13;3;58710
402;1876;20;4;385131
402;1582;20;3;184814
402;1858;20;5;579995
402;1626;20;4;377577
402;1394;20;3;181121
402;478;20;4;342949
402;1650;20;2;68443
402;1331;20;3;179739
402;606;20;4;346895
402;675;20;4;348867
402;805;20;12;2612330
402;870;20;5;569262
402;593;20;8;1299992
402;622;20;5;563159
402;1289;20;6;772002
401;1339;10;5;117760
401;1193;10;3;26228
401;549;10;3;25175
401;1994;10;6;191520
401;1890;10;6;189134
401;639;10;3;25325
398;1942;16;5;386404
398;1866;16;4;216074
398;1578;16;4;212824
398;1060;16;3;103971
398;549;16;3;100414
398;551;16;2;34223
398;707;16;4;203022
398;617;16;5;347574
398;914;16;6;520983
398;1000;16;4;206377
398;1120;16;4;207393
397;1637;19;4;323825
397;1625;19;5;505439
397;1453;19;4;321205
397;1789;19;5;507560
397;1587;19;4;323167
397;543;19;6;703188
397;1775;19;5;506579
397;526;19;6;702830
397;408;19;5;495565
397;440;19;3;164282
397;856;19;9;1461292
397;928;19;5;499415
397;464;19;5;496617
397;580;19;4;308475
395;1500;12;5;182794
395;1352;12;5;179797
395;868;12;5;173621
395;1052;12;6;282058
395;779;12;4;101713
395;1896;12;4;113948
395;925;12;6;279549
394;775;6;10;171602
394;528;6;5;25003
390;1963;9;5;98605
390;1948;9;5;98176
390;686;9;5;91155
390;1436;9;4;53109
389;1337;10;4;65570
389;685;10;3;25543
389;811;10;5;116408
389;1228;10;4;63453
389;747;10;6;171223
388;1947;15;5;306679
388;1721;15;4;186771
388;683;15;4;170880
388;1362;15;3;94786
388;1492;15;4;182757
388;539;15;10;1153627
388;679;15;4;170730
388;1654;15;4;185477
388;1241;15;4;179502
388;1589;15;3;96318
388;1328;15;5;299229
385;1770;14;3;80714
385;1697;14;6;418170
385;1230;14;4;155778
385;468;14;11;1222026
385;598;14;4;149522
385;698;14;6;401213
385;1500;14;5;264582
385;1171;14;3;74784
385;1635;14;4;160570
384;1978;17;5;430785
384;1967;17;5;430561
384;1906;17;5;429667
384;1815;17;5;428914
384;421;17;9;1214986
384;769;17;4;238985
384;828;17;7;734349
384;857;17;2;42259
384;1390;17;4;242284
384;846;17;5;421803
384;1049;17;8;996079
384;1716;17;5;426724
383;1324;10;5;117752
383;602;10;4;59033
383;1039;10;5;117376
383;906;10;4;61775
383;737;10;4;60831
382;1971;13;5;226903
382;1728;13;6;337622
382;1606;13;3;58583
382;621;13;4;124044
382;432;13;13;1436647
382;1096;13;4;127157
382;576;13;6;329504
382;707;13;4;124533
381;1851;9;5;97668
381;1823;9;4;56145
381;718;9;4;49497
381;585;9;16;1064939
381;452;9;14;863339
380;1483;11;3;40831
380;506;11;17;1731663
380;1785;11;4;89034
380;706;11;4;81318
380;1116;11;6;231571
380;1864;11;4;89988
379;627;7;10;251438
379;1750;7;4;24305
379;1490;7;5;44389
378;727;6;8;100885
378;654;6;10;170486
377;1545;15;5;301060
377;1718;15;5;303146
377;986;15;3;92987
377;1350;15;3;94477
377;1376;15;3;94818
377;1010;15;2;25818
377;1095;15;4;177284
377;1037;15;7;620134
377;1123;15;7;620691
377;1430;15;3;94953
376;1200;10;7;260983
376;1387;10;4;65695
376;594;10;7;250704
376;1171;10;3;26152
376;1132;10;4;63107
376;1826;10;5;119434
375;1707;11;4;88853
375;1400;11;4;86172
375;1167;11;5;138831
375;479;11;4;81087
375;1391;11;3;40816
375;1197;11;4;84541
374;725;5;8;59961
372;1980;22;5;690722
372;1571;22;5;687668
372;1837;22;4;447255
372;1753;22;3;235915
372;1289;22;6;929441
372;1916;22;5;688648
372;1365;22;3;233483
372;495;22;6;918758
372;1676;22;2;88072
372;1415;22;4;443596
372;516;22;4;434736
372;711;22;10;2239764
372;801;22;5;680502
372;569;22;5;678035
372;717;22;5;679747
372;874;22;8;1558448
372;1008;22;4;438322
370;1428;10;4;66103
370;1079;10;8;361838
370;1037;10;7;258967
370;446;10;13;899593
370;573;10;4;58789
369;1883;5;5;18032
368;1407;9;4;52891
368;1003;9;5;93207
368;869;9;6;132190
368;1369;9;4;52291
366;627;5;10;115583
363;1908;20;5;582963
363;1630;20;7;1036412
363;1613;20;4;376458
363;1451;20;5;575126
363;1258;20;5;571754
363;981;20;4;358658
363;467;20;4;342860
363;1687;20;4;379537
363;863;20;7;1019148
363;1813;20;4;382482
363;595;20;4;346068
363;489;20;15;3835773
363;735;20;2;60761
363;577;20;4;345241
363;925;20;6;761668
360;1852;8;5;71138
360;1516;8;4;37925
360;1398;8;4;37784
359;1422;11;4;86278
359;1104;11;3;39789
359;832;11;5;136994
359;1317;11;3;40682
359;524;11;6;228029
359;873;11;4;81777
358;796;5;11;136402
357;784;9;4;49954
357;1651;9;5;96907
357;481;9;4;48992
357;1279;9;3;21214
356;766;7;2;1089
356;1971;7;5;48793
355;1142;7;4;22324
355;1855;7;4;24529
354;610;7;3;8218
354;1295;7;4;22745
353;1585;5;4;5027
352;557;14;5;250444
352;1945;14;5;270226
352;532;14;3;72555
352;548;14;8;695290
352;1627;14;5;265159
352;732;14;4;150328
352;1176;14;5;260780
352;1288;14;3;76585
352;1333;14;7;544318
351;1926;12;4;114242
351;1133;12;6;283609
351;1624;12;3;54773
351;636;12;5;170481
351;517;12;3;49093
351;1092;12;3;50762
351;1732;12;3;55749
350;1038;8;4;35238
350;1274;8;2;2624
350;1485;8;5;67001
348;504;9;4;49024
348;1768;9;4;56027
348;1651;9;5;96666
348;732;9;4;49798
347;1847;11;4;89044
347;1401;11;4;86230
347;1224;11;3;40004
347;618;11;6;229078
347;1256;11;4;85255
347;897;11;7;326198
346;1429;7;5;44272
346;1855;7;4;24468
346;1270;7;7;114481
345;1564;20;4;374352
345;1243;20;4;365813
345;1489;20;5;575717
345;880;20;6;759344
345;457;20;10;1908949
345;1006;20;4;358957
345;612;20;6;750328
345;401;20;10;1907830
345;405;20;7;1008652
345;492;20;3;169436
345;1832;20;4;382505
345;498;20;3;169779
345;523;20;4;344965
345;1336;20;4;367213
345;611;20;7;1014944
343;928;8;5;61838
343;428;8;13;598766
343;366;8;5;58745
343;529;8;3;10181
341;1939;6;5;32497
340;1763;5;5;17368
339;1512;12;5;183417
339;630;12;9;651271
339;1879;12;6;289745
339;1398;12;4;107591
339;345;12;20;2579970
339;807;12;11;923035
339;781;12;2;10552
339;933;12;5;174510
335;1792;6;5;29715
333;1490;18;5;470334
333;1265;18;3;133791
333;1441;18;4;286134
333;1547;18;4;287323
333;1126;18;9;1332401
333;683;18;4;275109
333;587;18;4;274087
333;860;18;4;277183
333;609;18;4;274381
333;797;18;3;131791
333;1864;18;4;289496
333;1226;18;3;133682
333;864;18;6;656718
332;1789;6;5;29706
332;1615;6;4;13100
331;1610;13;3;58642
331;1611;13;5;224888
331;909;13;5;219736
331;1048;13;4;126519
331;801;13;5;217728
331;754;13;4;124881
331;516;13;4;122603
331;811;13;5;217747
331;499;13;4;122508
330;1576;10;5;118798
330;1563;10;5;118784
330;1205;10;3;26307
330;948;10;4;62340
330;482;10;14;1009175
330;728;10;2;4027
330;761;10;4;60878
329;1138;13;7;479900
329;951;13;4;125690
329;580;13;4;123716
329;411;13;11;1051368
329;421;13;9;730271
329;395;13;12;1255232
329;1657;13;6;336788
329;960;13;4;125724
326;1896;7;4;24599
326;1929;7;5;47871
325;1709;16;3;111859
325;629;16;10;1301862
325;1019;16;2;35117
325;1543;16;5;372660
325;1253;16;2;37029
325;1803;16;3;112737
325;382;16;13;2019922
325;469;16;3;100324
325;703;16;10;1307856
325;471;16;7;693709
325;605;16;9;1068872
324;1233;13;5;221257
324;1163;13;11;1054707
324;1062;13;5;220424
324;1024;13;4;126317
324;1421;13;5;222737
324;992;13;6;332348
324;1260;13;4;127840
324;1354;13;4;128038
323;1897;7;4;24680
323;1726;7;5;45906
322;1004;5;5;17132
320;1684;6;6;55192
320;1471;6;5;27833
318;1919;21;6;884525
318;1827;21;4;420839
318;1479;21;4;412721
318;1297;21;4;412293
318;1191;21;5;621659
318;1038;21;4;407226
318;1817;21;4;420335
318;1815;21;5;639085
318;800;21;5;614602
318;896;21;2;73532
318;1026;21;6;873989
318;455;21;4;398197
318;439;21;5;608811
318;1697;21;6;883411
318;682;21;4;401033
318;721;21;4;401874
317;1359;11;6;233107
317;1278;11;3;40438
317;742;11;4;81641
317;403;11;4;81073
317;848;11;10;683285
317;1713;11;5;142048
316;1769;9;5;97291
316;958;9;4;50472
316;1134;9;4;50904
316;1525;9;3;21492
314;1417;10;4;65936
314;783;10;11;680077
314;646;10;5;115584
314;605;10;9;453442
314;1630;10;7;265509
313;1994;23;6;1006776
313;1820;23;4;485780
313;1664;23;3;249380
313;842;23;4;482049
313;1558;23;2;99564
313;775;23;10;2413896
313;1692;23;2;99622
313;329;23;13;3806116
313;1305;23;5;715961
313;339;23;12;3291627
313;391;23;4;480303
313;534;23;5;712511
313;1544;23;3;249080
313;384;23;17;6377738
313;1807;23;4;485704
313;473;23;11;2901963
313;622;23;5;712834
313;640;23;4;481976
311;1726;6;5;28950
309;1958;6;4;16666
308;1608;19;3;167905
308;1347;19;3;167460
308;1322;19;4;318648
308;752;19;4;310493
308;1586;19;3;167895
308;1557;19;4;322292
308;412;19;16;3893090
308;1114;19;4;317014
308;601;19;9;1458605
308;434;19;3;163878
308;666;19;3;165802
308;1292;19;4;318509
308;509;19;3;164684
308;1002;19;4;314433
307;1455;11;4;86494
307;1244;11;4;84972
307;894;11;4;82383
307;778;11;3;39629
307;487;11;19;2026358
307;717;11;5;136174
306;924;13;4;125455
306;1008;13;4;126276
306;657;13;4;124209
306;644;13;12;1264600
306;659;13;4;124219
306;373;13;4;122438
306;1715;13;6;336909
306;506;13;17;2310652
305;1684;7;6;79511
305;732;7;4;22058
304;1573;20;3;184631
304;1198;20;4;363835
304;1195;20;6;770120
304;1588;20;6;780585
304;1269;20;7;1029327
304;631;20;6;753005
304;1683;20;4;378689
304;436;20;12;2588297
304;634;20;8;1302965
304;1576;20;5;576133
304;793;20;3;172111
304;353;20;5;557995
304;490;20;11;2222852
304;772;20;10;1913165
304;1032;20;4;360052
303;663;4;11;81092
302;1302;9;5;94230
302;773;9;5;91874
302;723;9;3;20530
302;557;9;5;90399
301;1737;11;4;89019
301;1106;11;5;138268
301;1051;11;6;231216
301;634;11;8;437547
301;1898;11;2;10062
301;1762;11;6;236352
301;449;11;14;1221296
300;1943;20;5;584904
300;1830;20;3;187161
300;1303;20;3;179676
300;980;20;4;358144
300;913;20;6;761197
300;785;20;3;171711
300;598;20;4;346132
300;1128;20;6;768788
300;751;20;10;1913139
300;355;20;7;1008289
300;500;20;5;561305
300;672;20;6;753633
300;792;20;6;758708
300;1214;20;4;363922
300;895;20;4;356668
299;1849;12;5;188519
299;1381;12;3;52441
299;1217;12;9;667748
299;1070;12;6;282177
299;1567;12;3;54479
299;1164;12;3;51117
299;904;12;4;102676
299;1609;12;4;110191
298;1449;7;4;23148
298;856;7;9;194670
298;339;7;12;396962
297;1705;18;5;473561
297;1201;18;10;1641690
297;1163;18;11;1886072
297;1891;18;5;475696
297;1422;18;4;285920
297;919;18;13;2491023
297;327;18;5;448236
297;344;18;4;271079
297;981;18;4;281255
297;540;18;13;2476097
297;377;18;15;3116275
297;580;18;4;274066
297;804;18;6;656115
296;1784;11;5;143957
296;1485;11;5;140711
296;1548;11;7;328781
296;521;11;3;39319
296;502;11;3;39311
296;1063;11;5;138205
295;1858;15;5;305368
295;1814;15;5;305067
295;1347;15;3;94274
295;1555;15;5;301532
295;925;15;6;460319
295;345;15;20;3823041
295;505;15;18;3119843
295;798;15;6;456865
295;923;15;6;459271
295;1079;15;8;766955
294;1216;14;4;155104
294;1094;14;8;698148
294;1938;14;5;269799
294;372;14;22;3987048
294;497;14;10;1011375
294;640;14;4;149942
294;763;14;5;253476
294;1562;14;2;23277
294;837;14;6;403976
294;1275;14;5;261664
293;1907;17;5;430134
293;1804;17;4;243668
293;1901;17;5;429370
293;422;17;4;237215
293;1867;17;6;596673
293;968;17;4;239905
293;388;17;15;2911878
293;1213;17;3;121983
293;1315;17;4;241912
293;1510;17;5;425196
293;1336;17;4;242230
293;1699;17;2;42483
293;1776;17;2;42584
292;1811;14;4;162993
292;1577;14;2;23392
292;1465;14;5;264524
292;647;14;7;540418
292;751;14;10;1018501
292;829;14;4;151426
292;1046;14;7;541462
292;586;14;5;250647
292;1137;14;3;74664
289;1661;24;2;110817
289;1029;24;9;2166131
289;995;24;5;763876
289;1716;24;5;789160
289;991;24;4;522881
289;973;24;4;521928
289;1805;24;5;792481
289;1370;24;6;1096438
289;1793;24;4;535910
289;461;24;7;1405263
289;785;24;3;275872
289;361;24;4;512398
289;1146;24;6;1092247
289;421;24;9;2154158
289;450;24;10;2592011
289;1912;24;5;798569
289;665;24;4;517496
289;377;24;15;5279088
289;899;24;2;102454
288;1200;6;7;75244
288;381;6;9;130193
288;1751;6;5;29278
287;1236;17;4;241050
287;1202;17;3;121948
287;1887;17;4;243951
287;1220;17;8;998304
287;1458;17;4;242486
287;963;17;4;239591
287;1636;17;4;242989
287;302;17;9;1214648
287;434;17;3;121300
287;567;17;5;421503
287;652;17;6;589325
287;871;17;7;734734
286;1750;12;4;112276
286;716;12;6;275519
286;461;12;7;398327
286;403;12;4;99959
286;1271;12;4;106046
286;439;12;5;169276
286;410;12;4;100304
283;507;15;7;610565
283;1091;15;4;177167
283;1682;15;5;302602
283;1392;15;4;180793
283;970;15;3;92811
283;549;15;3;90357
283;556;15;10;1156088
283;712;15;14;2058405
283;834;15;4;173326
283;1097;15;4;177357
282;1488;19;5;505406
282;1389;19;3;167645
282;992;19;6;708913
282;1017;19;4;316115
282;599;19;4;308563
282;794;19;3;166381
282;1930;19;4;324753
282;1690;19;6;710673
282;414;19;9;1457476
282;600;19;3;165438
282;743;19;4;309808
282;672;19;6;705915
282;750;19;5;498565
282;893;19;4;311599
280;1677;11;4;88134
280;1522;11;4;86617
280;1065;11;4;83131
280;1318;11;4;85673
280;1189;11;3;39870
280;318;11;21;2436616
279;487;6;19;701631
278;1231;6;7;75948
276;1881;23;5;718345
276;1649;23;5;717462
276;1616;23;4;485462
276;1575;23;3;249237
276;1299;23;6;1003496
276;1288;23;3;248630
276;1806;23;6;1003851
276;1748;23;3;249581
276;359;23;11;2900895
276;1671;23;6;1003549
276;801;23;5;713787
276;355;23;7;1322300
276;449;23;14;4305879
276;542;23;4;481297
276;586;23;5;712829
276;1018;23;3;248109
276;612;23;6;1002426
276;796;23;11;2908522
275;1893;13;5;226300
275;1722;13;5;225343
275;1319;13;4;127841
275;1749;13;6;337675
275;917;13;8;602278
275;650;13;4;124116
275;612;13;6;329588
275;300;13;20;2997397
273;1710;15;4;186297
273;458;15;5;292366
273;1487;15;3;95413
273;325;15;16;2579030
273;375;15;11;1355938
273;1506;15;5;300994
273;611;15;7;611774
273;582;15;5;293585
273;1853;15;6;474997
273;1621;15;6;472763
271;1215;7;5;43118
271;866;7;10;256944
269;1333;16;7;699935
269;917;16;8;890452
269;422;16;4;202087
269;1579;16;5;374937
269;572;16;8;886640
269;1287;16;5;365946
269;1549;16;5;374056
269;389;16;10;1290054
269;1070;16;6;524635
269;352;16;14;2362052
269;1135;16;4;207398
268;1716;20;5;577929
268;1666;20;6;786756
268;1450;20;3;182516
268;1106;20;5;571190
268;1040;20;7;1020862
268;849;20;4;355233
268;890;20;4;356171
268;389;20;10;1905232
268;474;20;8;1293735
268;695;20;4;350422
268;594;20;7;1014051
268;1374;20;3;180659
268;620;20;3;170025
268;686;20;5;566239
268;829;20;4;353967
266;1992;18;5;477114
266;1933;18;5;476178
266;1800;18;6;675313
266;1637;18;4;288046
266;1654;18;4;288250
266;347;18;11;1875471
266;688;18;4;275268
266;862;18;10;1624721
266;427;18;8;1061182
266;596;18;5;453286
266;370;18;10;1594240
266;1542;18;4;287250
266;1552;18;6;673424
264;1851;16;5;384230
264;1754;16;3;112372
264;1144;16;3;104367
264;1446;16;3;107686
264;1819;16;4;215978
264;746;16;4;203219
264;1071;16;3;104030
264;500;16;5;343461
264;537;16;4;202515
264;1519;16;5;371242
264;1661;16;2;38385
262;1317;21;3;198281
262;1573;21;3;198998
262;1140;21;7;1138886
262;618;21;6;865697
262;1625;21;5;632717
262;846;21;5;615959
262;315;21;3;193588
262;1816;21;6;884519
262;1410;21;8;1427409
262;1004;21;5;618905
262;305;21;7;1123206
262;1708;21;4;418440
262;1244;21;4;411371
262;635;21;5;612104
262;1999;21;5;642597
262;752;21;4;402348
261;1640;16;4;214191
261;262;16;21;4688623
261;1119;16;2;35854
261;414;16;9;1060040
261;501;16;6;514687
261;1049;16;8;890642
261;527;16;5;345016
261;632;16;3;100426
261;773;16;5;352463
261;1167;16;5;362835
261;1080;16;4;206995
260;1437;20;5;574428
260;1294;20;4;365981
260;1131;20;4;362362
260;1230;20;4;364303
260;998;20;6;765231
260;816;20;4;353405
260;933;20;5;570134
260;813;20;4;353155
260;489;20;15;3830319
260;635;20;5;564059
260;326;20;7;1008258
260;742;20;4;351659
260;338;20;4;342608
260;327;20;5;557907
260;733;20;5;567734
257;1753;11;3;41680
257;1283;11;5;139355
257;1094;11;8;440529
257;1912;11;5;146302
257;1028;11;6;230766
257;846;11;5;137500
126;1776;26;2;129301
126;1602;26;4;604242
126;1600;26;3;336615
126;1251;26;2;127612
126;1907;26;5;911231
126;1182;26;2;127400
126;1445;26;3;335256
126;1640;26;4;605251
126;578;26;5;903331
126;1856;26;2;129772
126;1392;26;4;603445
126;507;26;7;1680828
126;1081;26;2;126812
126;936;26;7;1681015
126;1934;26;5;912213
126;1499;26;3;335769
126;1325;26;5;909686
126;165;26;27;17370108
126;740;26;4;601034
126;272;26;4;597788
126;823;26;3;330036
125;1858;16;5;384821
125;1833;16;5;382576
125;290;16;4;201134
125;979;16;5;357404
125;1031;16;5;360026
125;1524;16;4;211796
125;1900;16;5;385465
125;131;16;25;6626709
125;274;16;3;99906
125;295;16;15;2576277
125;487;16;19;3896505
124;1061;15;3;93393
124;323;15;7;607299
124;608;15;7;611589
124;634;15;8;753254
124;920;15;4;174295
124;1434;15;3;95132
124;448;15;4;169331
124;129;15;22;4351081
124;342;15;4;168687
124;603;15;8;749127
123;1710;19;4;324385
123;861;19;14;3103227
123;160;19;6;700633
123;589;19;3;165330
123;1679;19;4;323889
123;1206;19;5;500897
123;945;19;4;313492
123;162;19;11;2024626
123;1649;19;5;505835
123;431;19;9;1457613
123;184;19;21;6593222
123;416;19;3;163504
123;528;19;5;497354
123;725;19;8;1207889
122;1986;30;5;1198318
122;471;30;7;2054055
122;360;30;8;2580508
122;534;30;5;1151892
122;200;30;18;12329266
122;188;30;10;3822652
122;681;30;4;754215
122;332;30;6;1592539
122;280;30;11;4378201
122;671;30;3;455263
122;1285;30;3;465770
122;1395;30;3;470101
122;1917;30;4;800064
122;709;30;3;456323
122;1096;30;4;767400
122;1252;30;3;464072
122;543;30;6;1603776
122;1310;30;5;1178932
122;154;30;26;19950844
122;508;30;4;744173
122;1334;30;1;26611
122;1388;30;6;1647356
122;1968;30;5;1195776
122;456;30;3;449215
122;1518;30;4;777543
121;1695;14;6;417746
121;137;14;45;15309973
121;202;14;18;2812159
121;319;14;4;147049
121;1013;14;10;1020696
121;1552;14;6;413991
121;484;14;4;148390
121;620;14;3;72594
121;291;14;4;146997
121;871;14;7;541270
120;1569;39;4;1282292
120;1510;39;5;1856397
120;1451;39;5;1851301
120;273;39;15;13571621
120;881;39;4;1268976
120;1907;39;5;1858749
120;1848;39;5;1857102
120;1258;39;5;1850903
120;486;39;4;1260727
120;445;39;4;1255573
120;1459;39;2;335543
120;1105;39;6;2496729
120;1163;39;11;7537828
120;384;39;17;15852579
120;1659;39;5;1857077
120;1846;39;6;2505883
120;1138;39;7;3240120
120;228;39;5;1833004
120;402;39;20;19951737
120;1875;39;5;1857869
120;341;39;6;2469156
120;518;39;4;1261622
120;560;39;3;730699
120;127;39;15;13545693
120;245;39;8;4098463
120;680;39;16;15300323
120;470;39;6;2474588
120;711;39;10;6289747
120;769;39;4;1266209
120;768;39;5;1844901
120;1103;39;3;732997
120;1193;39;3;733165
120;1514;39;4;1275604
120;1396;39;4;1275310
119;1929;27;5;986679
119;1710;27;4;674130
119;1472;27;6;1337340
119;1039;27;5;958691
119;1005;27;2;132548
119;1049;27;8;2166231
119;788;27;5;953161
119;713;27;4;653302
119;679;27;4;652925
119;418;27;7;1762418
119;1951;27;5;987479
119;704;27;3;388817
119;240;27;14;5979241
119;818;27;3;389665
119;122;27;30;20299454
119;294;27;14;5986161
119;765;27;6;1330779
119;359;27;11;3788881
119;489;27;15;6707343
119;1064;27;5;958961
119;658;27;4;652803
119;242;27;24;15587928
119;648;27;6;1328752
118;1918;24;5;800088
118;1928;24;3;290164
118;1638;24;7;1429811
118;1597;24;4;533339
118;1556;24;4;533050
118;1300;24;3;284026
118;1068;24;8;1815108
118;1022;24;3;281693
118;829;24;4;518511
118;745;24;5;756645
118;139;24;5;736743
118;282;24;19;8577478
118;215;24;8;1797062
118;345;24;20;9403555
118;405;24;7;1403366
118;569;24;5;746071
118;482;24;14;4708477
118;494;24;5;741431
118;523;24;4;514885
117;1930;25;4;583722
117;1033;25;5;847933
117;1919;25;6;1190612
117;1020;25;3;295524
117;1044;25;4;570449
117;957;25;7;1512070
117;1910;25;6;1190474
117;924;25;4;569791
117;720;25;5;845160
117;577;25;4;561723
117;158;25;19;9061709
117;1237;25;3;297550
117;367;25;4;558478
117;458;25;5;843670
117;143;25;30;18901289
117;201;25;14;4950049
117;375;25;11;3259261
117;514;25;3;293016
117;943;25;6;1166433
117;537;25;4;561355
116;1614;35;4;1036411
116;1517;35;3;631293
116;1894;35;2;268838
116;1481;35;8;3415085
116;1460;35;5;1521507
116;383;35;10;4972312
116;905;35;10;5009922
116;1079;35;8;3386374
116;497;35;10;4998784
116;356;35;7;2681029
116;530;35;10;5002654
116;213;35;9;4119728
116;967;35;3;618452
116;215;35;8;3321342
116;479;35;4;1009087
116;597;35;4;1014838
116;368;35;9;4153033
116;629;35;10;5004367
116;118;35;24;20928951
116;872;35;5;1508897
116;1074;35;4;1021483
116;576;35;6;2054279
116;770;35;6;2061257
116;821;35;4;1018900
116;1058;35;11;6243317
116;1476;35;4;1031596
116;178;35;14;9467066
116;1063;35;5;1517340
116;1210;35;3;621813
116;1269;35;7;2683171
115;401;30;10;3830219
115;363;30;20;14011102
115;255;30;12;5269302
115;413;30;2;168979
115;1357;30;2;180337
115;1618;30;5;1185882
115;208;30;9;3109004
115;266;30;18;12344523
115;393;30;5;1147987
115;1886;30;5;1188157
115;1951;30;5;1191701
115;526;30;6;1602401
115;979;30;5;1170060
115;427;30;8;2586966
115;548;30;8;2598989
115;925;30;6;1625410
115;1070;30;6;1636466
115;752;30;4;757429
115;365;30;5;1147545
115;837;30;6;1622750
115;881;30;4;759395
115;1190;30;4;769951
115;1780;30;4;789859
115;1318;30;4;772747
115;1933;30;5;1191632
114;1977;15;5;307191
114;1950;15;3;98304
114;1509;15;6;471025
114;299;15;12;1589721
114;148;15;5;290927
114;513;15;7;610885
114;1592;15;4;184887
114;649;15;3;90946
114;990;15;4;175179
114;1386;15;5;299874
113;1946;6;5;32652
112;1958;11;4;90015
112;1619;11;2;9905
112;1209;11;3;39942
112;379;11;7;324957
112;256;11;21;2432653
112;669;11;4;81137
111;1983;35;5;1529733
111;1931;35;4;1044216
111;1845;35;4;1039256
111;1842;35;3;639343
111;333;35;18;15366455
111;294;35;14;9494637
111;174;35;7;2666903
111;850;35;3;616122
111;142;35;19;15962550
111;301;35;11;6237952
111;557;35;5;1502510
111;280;35;11;6214333
111;1541;35;4;1034879
111;1022;35;3;619587
111;1516;35;4;1032453
111;651;35;5;1503481
111;368;35;9;4148574
111;328;35;3;607555
111;269;35;16;13050102
111;387;35;4;1008534
111;938;35;3;616864
111;1471;35;5;1523568
111;409;35;6;2042312
111;1968;35;5;1529578
111;670;35;5;1506753
111;902;35;5;1509666
111;875;35;8;3371589
111;1136;35;2;260388
111;1328;35;5;1519887
111;1532;35;4;1033891
110;1693;20;5;577771
110;1690;20;6;787671
110;1603;20;6;783534
110;1240;20;7;1027163
110;780;20;4;352990
110;1315;20;4;366082
110;329;20;13;3000471
110;575;20;8;1296605
110;430;20;12;2587320
110;716;20;6;755508
110;249;20;16;4186662
110;119;20;27;12280789
110;699;20;2;59370
110;1567;20;3;184273
110;726;20;4;351122
109;1861;19;5;510107
109;1805;19;5;508808
109;1593;19;4;323350
109;1110;19;8;1209915
109;269;19;16;3892773
109;1746;19;3;167956
109;151;19;4;307407
109;300;19;20;6008281
109;833;19;11;2031850
109;350;19;8;1200952
109;393;19;5;495116
109;799;19;6;706450
109;1682;19;5;506449
109;899;19;2;57079
108;1942;21;5;640583
108;1713;21;5;633955
108;1651;21;5;633625
108;1589;21;3;199331
108;1261;21;4;411386
108;1177;21;5;621118
108;1983;21;5;641339
108;312;21;3;193578
108;111;21;35;18265095
108;547;21;3;193616
108;1040;21;7;1133460
108;112;21;11;2429005
108;348;21;9;1761278
108;1219;21;3;196523
108;581;21;11;2447229
108;583;21;6;865426
107;333;30;18;12388516
107;270;30;5;1146183
107;328;30;3;448731
107;140;30;36;29092834
107;445;30;4;740842
107;170;30;3;447467
107;642;30;11;4411666
107;369;30;5;1147897
107;862;30;10;3851479
107;891;30;7;2071600
107;1728;30;6;1657078
107;656;30;6;1611207
107;810;30;3;457024
107;1884;30;4;794804
107;999;30;5;1170275
107;1085;30;3;461454
107;1284;30;5;1177516
107;765;30;6;1618957
107;1296;30;5;1178931
107;1335;30;6;1645059
107;700;30;3;455755
107;1703;30;5;1186558
107;1349;30;3;469679
107;1817;30;4;792549
107;1829;30;5;1187184
106;1823;39;4;1284325
106;1816;39;6;2505305
106;1802;39;2;339344
106;1684;39;6;2503092
106;1669;39;4;1283877
106;1547;39;4;1278226
106;1471;39;5;1851683
106;1468;39;3;733370
106;700;39;3;731013
106;284;39;1;57467
106;835;39;3;732152
106;162;39;11;7523029
106;1355;39;4;1274455
106;824;39;4;1266415
106;323;39;7;3231635
106;205;39;21;20535388
106;611;39;7;3234249
106;179;39;9;5049161
106;768;39;5;1843513
106;1261;39;4;1272379
106;117;39;25;26381086
106;1238;39;4;1270478
106;273;39;15;13570279
106;332;39;6;2467539
106;912;39;6;2487966
106;482;39;14;12849962
106;1893;39;5;1858260
106;595;39;4;1261710
106;185;39;9;5051144
106;657;39;4;1264675
106;860;39;4;1266460
106;905;39;10;6302596
106;1097;39;4;1269861
106;1128;39;6;2498819
104;1266;16;3;105996
104;175;16;7;691782
104;909;16;5;356669
104;1416;16;5;368065
104;820;16;4;204237
104;956;16;4;204948
104;1801;16;5;381755
104;107;16;30;9362192
104;232;16;19;3883311
104;373;16;4;201649
104;680;16;16;2943730
103;1717;46;4;1701388
103;1556;46;4;1699854
103;1524;46;4;1695291
103;1646;46;8;5381180
103;1056;46;4;1692684
103;1041;46;4;1690999
103;257;46;11;10964311
103;1949;46;5;2423556
103;297;46;18;20599787
103;1267;46;5;2419493
103;264;46;16;18265190
103;105;46;3;1000759
103;656;46;6;3292544
103;299;46;12;12863254
103;185;46;9;6947457
103;388;46;15;17161889
103;975;46;5;2417932
103;562;46;4;1685252
103;756;46;10;8876560
103;121;46;14;15559967
103;1550;46;4;1697146
103;665;46;4;1688565
103;1666;46;6;3298577
103;309;46;6;3286920
103;349;46;4;1684827
103;1114;46;4;1693795
103;465;46;8;5380441
103;726;46;4;1689211
103;1956;46;5;2427403
103;363;46;20;25603356
103;1504;46;5;2422644
103;206;46;14;15561784
103;147;46;20;25596146
103;914;46;6;3298567
103;1488;46;5;2421242
103;426;46;15;17164304
103;989;46;4;1689973
103;458;46;5;2411081
103;764;46;4;1689401
103;1866;46;4;1702778
103;804;46;6;3297431
102;1604;22;6;934003
102;1591;22;5;687789
102;1086;22;7;1230403
102;999;22;5;686119
102;1212;22;6;929078
102;171;22;8;1534822
102;1491;22;4;444510
102;974;22;5;685499
102;312;22;3;227786
102;1431;22;3;234233
102;329;22;13;3537410
102;590;22;4;437285
102;811;22;5;681141
102;1369;22;4;443488
102;1050;22;7;1228570
102;267;22;5;678025
102;876;22;2;81852
101;1800;27;6;1343026
101;1258;27;5;965832
101;1242;27;5;963574
101;1149;27;5;959980
101;1014;27;3;391713
101;798;27;6;1331305
101;535;27;3;388715
101;902;27;5;956652
101;438;27;8;2156382
101;1074;27;4;664087
101;146;27;13;5044258
101;1527;27;6;1340810
101;106;27;39;28567739
101;819;27;5;955814
101;210;27;5;942319
101;212;27;5;942416
101;1472;27;6;1332606
101;225;27;4;644472
101;325;27;16;7610587
101;414;27;9;2654182
101;1740;27;5;981360
101;435;27;6;1327811
100;1939;27;5;986969
100;1218;27;5;960115
100;1110;27;8;2168063
100;569;27;5;951443
100;554;27;29;20176349
100;462;27;4;648393
100;452;27;14;5999595
100;1454;27;3;392611
100;1474;27;6;1338754
100;111;27;35;25887039
100;129;27;22;13882106
100;804;27;6;1331424
100;427;27;8;2154610
100;398;27;16;7639179
100;340;27;5;945087
100;311;27;6;1324784
100;166;27;9;2650047
100;188;27;10;3108698
100;661;27;5;951861
100;139;27;5;940957
100;226;27;14;5965853
100;297;27;18;9449728
99;1678;31;3;491685
99;1182;31;2;192757
99;1646;31;8;2750189
99;278;31;6;1703659
99;976;31;6;1720490
99;423;31;9;3308078
99;561;31;4;811623
99;1262;31;12;5858733
99;342;31;4;809007
99;748;31;6;1719794
99;404;31;13;6679242
99;214;31;14;7680336
99;1287;31;5;1251172
99;338;31;4;808357
99;102;31;22;16877517
99;1714;31;5;1252687
99;652;31;6;1716321
99;496;31;10;4010686
99;1569;31;4;829458
99;457;31;10;4010041
99;575;31;8;2716553
99;1251;31;2;193438
99;605;31;9;3314469
99;1254;31;5;1249897
99;805;31;12;5805809
99;1277;31;3;487720
98;1566;15;3;96085
98;1556;15;4;184104
98;586;15;5;293805
98;369;15;5;292337
98;159;15;17;2909303
98;567;15;5;293157
98;335;15;6;448810
98;487;15;19;3512976
98;513;15;7;610604
98;1432;15;3;95114
97;1939;16;5;386089
97;1906;16;5;385561
97;1903;16;4;216316
97;133;16;15;2554746
97;494;16;5;343300
97;178;16;14;2360727
97;217;16;22;5053007
97;115;16;30;9396933
97;667;16;4;202890
97;1208;16;3;105412
97;1643;16;3;110686
96;1980;18;5;476782
96;1264;18;4;283938
96;1687;18;4;288511
96;875;18;8;1076054
96;148;18;5;447460
96;135;18;25;8485966
96;338;18;4;270822
96;349;18;4;271255
96;1398;18;4;285799
96;557;18;5;451775
96;418;18;7;861850
96;799;18;6;654415
96;816;18;4;276860
96;833;18;11;1885215
95;1765;36;6;2179370
95;1439;36;4;1100083
95;1344;36;3;669871
95;1436;36;4;1098018
95;1259;36;6;2173923
95;675;36;4;1070618
95;275;36;13;8982810
95;316;36;9;4311549
95;261;36;16;13315788
95;298;36;7;2831171
95;1915;36;4;1113336
95;322;36;5;1591834
95;432;36;13;9030635
95;786;36;3;654407
95;313;36;23;20662533
95;395;36;12;7633383
95;152;36;33;33639900
95;326;36;7;2838118
95;645;36;3;652058
95;469;36;3;649461
95;485;36;13;9031566
95;1807;36;4;1111948
95;804;36;6;2164596
95;1036;36;5;1630179
95;874;36;8;3580044
95;921;36;7;2863671
95;215;36;8;3555390
95;923;36;6;2164856
95;287;36;17;14515563
95;995;36;5;1629724
95;1025;36;3;663376
94;1957;33;5;1396382
94;153;33;16;12130129
94;103;33;46;43138941
94;1727;33;2;235497
94;753;33;3;546930
94;585;33;16;12160399
94;939;33;5;1367173
94;696;33;12;6586461
94;1109;33;3;547854
94;1832;33;4;938890
94;475;33;9;3795664
94;531;33;4;920658
94;1488;33;5;1379363
94;505;33;18;13893151
94;1872;33;5;1392870
94;692;33;9;3797518
94;1317;33;3;550826
94;963;33;4;925171
94;1398;33;4;932172
94;1543;33;5;1380753
94;1795;33;5;1390490
94;1382;33;4;930635
94;145;33;15;9729691
94;1443;33;4;932673
94;380;33;11;5356527
94;734;33;4;922360
94;1560;33;2;235000
94;1766;33;4;936312
93;1986;30;5;1197528
93;207;30;6;1582799
93;1425;30;7;2084838
93;117;30;25;18898116
93;395;30;12;5282338
93;296;30;11;4381511
93;285;30;4;738857
93;97;30;16;9355693
93;617;30;5;1159882
93;1905;30;4;796756
93;725;30;8;2605860
93;295;30;15;8495559
93;1121;30;4;768001
93;968;30;4;763706
93;1145;30;2;178058
93;1580;30;4;779146
93;279;30;6;1587730
93;1754;30;3;473866
93;1506;30;5;1183638
93;1569;30;4;777761
93;1604;30;6;1653708
93;654;30;10;3839019
93;1421;30;5;1182834
93;1952;30;4;802214
93;1966;30;5;1194421
92;1991;11;6;237121
92;1218;11;5;138879
92;623;11;20;2230846
92;608;11;7;325013
92;879;11;9;547752
92;242;11;24;3024230
91;1961;34;5;1455419
91;1904;34;5;1450402
91;1819;34;4;1000623
91;235;34;14;9311482
91;241;34;5;1438903
91;313;34;23;20152849
91;1705;34;5;1446280
91;147;34;20;16400231
91;1771;34;5;1446522
91;1684;34;6;1988564
91;333;34;18;14532455
91;337;34;4;990330
91;685;34;3;590039
91;1236;34;4;998338
91;1468;34;3;595207
91;365;34;5;1439544
91;425;34;3;588838
91;559;34;8;3185691
91;293;34;17;13431400
91;706;34;4;991620
91;1750;34;4;1000016
91;1779;34;5;1448086
91;127;34;15;10975033
91;717;34;5;1440357
91;582;34;5;1440126
91;818;34;3;591447
91;1339;34;5;1443574
91;1367;34;3;594238
91;1623;34;4;998625
90;1706;31;4;835677
90;1473;31;4;828420
90;306;31;13;6664206
90;222;31;5;1236445
90;158;31;19;13661161
90;304;31;20;14904632
90;102;31;22;16867604
90;1088;31;5;1249667
90;239;31;14;7681493
90;844;31;2;192633
90;1018;31;3;487351
90;97;31;16;9787149
90;130;31;16;9799276
90;543;31;6;1711003
90;511;31;6;1710313
90;801;31;5;1249175
90;407;31;5;1242223
90;584;31;13;6682627
90;843;31;3;487189
90;961;31;4;820537
90;713;31;4;814492
90;763;31;5;1245980
90;921;31;7;2190724
90;1356;31;3;487842
90;1131;31;4;822616
90;1154;31;6;1722164
89;1924;29;4;729317
89;1850;29;4;728983
89;1577;29;2;168386
89;1297;29;4;727311
89;1246;29;3;432539
89;1120;29;4;724811
89;971;29;3;432296
89;945;29;4;723359
89;628;29;6;1478138
89;587;29;4;720324
89;1220;29;8;2461267
89;711;29;10;3595479
89;1886;29;5;1115580
89;559;29;8;2452629
89;124;29;15;7766293
89;122;29;30;21973277
89;180;29;4;719752
89;973;29;4;724132
89;132;29;13;5943525
89;219;29;5;1113732
89;286;29;12;4899879
89;299;29;12;4900965
89;1276;29;4;727298
89;406;29;8;2451358
88;1997;16;5;386884
88;1897;16;4;216243
88;1756;16;3;112533
88;1671;16;6;533751
88;533;16;3;100352
88;124;16;15;2551020
88;1632;16;4;213827
88;1545;16;5;372674
88;1743;16;5;380355
88;409;16;6;513224
88;1685;16;4;214659
87;1787;27;4;675015
87;1738;27;5;980552
87;1085;27;3;392043
87;1015;27;7;1769449
87;1922;27;5;986224
87;994;27;3;391534
87;1382;27;4;670742
87;831;27;5;956278
87;1775;27;5;983360
87;441;27;14;5998004
87;218;27;4;642706
87;1899;27;5;985499
87;101;27;27;18262888
87;1826;27;5;984512
87;144;27;8;2131722
87;196;27;5;941777
87;1656;27;6;1341136
87;96;27;18;9444361
87;291;27;4;646065
87;195;27;10;3108939
87;529;27;3;388459
87;210;27;5;942228
85;1627;58;5;3629705
85;1505;58;3;1481061
85;1784;58;5;3631620
85;1430;58;3;1479871
85;1783;58;5;3629718
85;1429;58;5;3624661
85;1408;58;6;4933311
85;1291;58;4;2463939
85;1183;58;9;12043762
85;947;58;9;12030983
85;1286;58;5;3621569
85;873;58;4;2456761
85;1379;58;4;2464900
85;966;58;2;723936
85;848;58;10;13457160
85;943;58;6;4925047
85;825;58;3;1479570
85;766;58;2;722155
85;698;58;6;4913144
85;183;58;24;39969712
85;378;58;6;4901799
85;113;58;6;4886314
85;799;58;6;4921365
85;150;58;13;18933088
85;1206;58;5;3617390
85;1147;58;3;1479868
85;498;58;3;1472117
85;407;58;5;3589084
85;171;58;8;8910417
85;643;58;5;3590721
85;189;58;15;22020637
85;130;58;16;25734457
85;101;58;27;44664524
85;175;58;7;6714764
85;234;58;10;13455111
85;672;58;6;4902049
85;318;58;21;34612978
85;1719;58;4;2467380
85;945;58;4;2459412
85;296;58;11;15415261
85;795;58;5;3603895
85;323;58;7;6720872
85;1392;58;4;2466882
85;330;58;10;13456337
85;1508;58;5;3628858
85;800;58;5;3616718
85;446;58;13;18981829
85;286;58;12;17176919
85;404;58;13;18974254
85;476;58;5;3589986
85;621;58;4;2454488
85;954;58;6;4927976
85;600;58;3;1474398
84;1150;16;3;104379
84;1064;16;5;360925
84;1046;16;7;697149
84;168;16;9;1055759
84;159;16;17;3140594
84;183;16;24;6135044
84;859;16;3;102452
84;499;16;4;202264
84;605;16;9;1068863
84;943;16;6;521349
84;724;16;4;203070
83;1080;9;4;50668
83;289;9;24;2137833
83;905;9;10;458689
83;1462;9;4;53180
82;1730;20;4;380122
82;1512;20;5;575806
82;1464;20;5;575299
82;1231;20;7;1026991
82;1198;20;4;363587
82;1900;20;5;580129
82;474;20;8;1291491
82;435;20;6;740811
82;1296;20;5;572491
82;165;20;27;12298176
82;347;20;11;2205664
82;1049;20;8;1315623
82;325;20;16;4203108
82;374;20;5;559286
82;495;20;6;744073
81;1882;26;2;129801
81;1876;26;4;605969
81;1757;26;3;338032
81;944;26;3;331481
81;1490;26;5;910784
81;823;26;3;329784
81;782;26;4;601704
81;755;26;4;601654
81;1743;26;5;910994
81;419;26;10;3004259
81;718;26;4;601004
81;1056;26;4;602741
81;922;26;4;602374
81;545;26;4;600738
81;1207;26;4;602947
81;134;26;16;7324675
81;807;26;11;3544470
81;459;26;14;5373136
81;628;26;6;1264547
81;373;26;4;598655
81;531;26;4;599943
80;1788;48;3;1111698
80;1729;48;4;1827651
80;1723;48;5;2634174
80;1662;48;5;2632316
80;1167;48;5;2612680
80;1156;48;3;1093422
80;1104;48;3;1090398
80;1592;48;4;1821725
80;1061;48;3;1087446
80;955;48;7;4721776
80;209;48;20;26121893
80;167;48;14;16359490
80;139;48;5;2554962
80;429;48;24;32298691
80;1725;48;3;1109764
80;545;48;4;1806250
80;125;48;16;19611526
80;1745;48;4;1830156
80;270;48;5;2572320
80;1886;48;5;2638452
80;647;48;7;4717624
80;111;48;35;48030965
80;436;48;12;13398262
80;214;48;14;16392352
80;201;48;14;16373216
80;607;48;3;1069498
80;1358;48;2;529357
80;237;48;23;30018899
80;1621;48;6;3586721
80;1652;48;5;2624790
80;464;48;5;2593255
80;758;48;4;1809371
80;1511;48;3;1104098
80;1275;48;5;2615279
80;331;48;13;15287469
80;390;48;9;7633039
80;453;48;5;2592952
80;467;48;4;1798737
80;1177;48;5;2613728
80;646;48;5;2600844
80;820;48;4;1813594
80;265;48;4;1797801
80;855;48;3;1074689
79;1703;15;5;302809
79;850;15;3;92693
79;863;15;7;616427
79;1539;15;4;183562
79;1977;15;5;306957
79;130;15;16;2551652
79;615;15;6;453467
79;667;15;4;170729
79;831;15;5;294405
79;590;15;4;169804
79;909;15;5;294520
77;1320;22;3;233030
77;1234;22;6;929109
77;1362;22;3;233121
77;1217;22;9;1887764
77;1732;22;3;235710
77;1181;22;4;440656
77;1076;22;4;440355
77;1309;22;4;442387
77;1765;22;6;934531
77;390;22;9;1878717
77;100;22;27;13847654
77;503;22;18;6568561
77;164;22;15;4372220
77;191;22;20;7829050
77;394;22;6;917584
77;430;22;12;3043767
77;523;22;4;435560
76;1790;8;3;14570
76;1505;8;3;12527
76;1433;8;2;2797
75;1559;21;4;414641
75;1752;21;4;419573
75;1259;21;6;878404
75;1481;21;8;1428870
75;699;21;2;72932
75;803;21;3;194403
75;1751;21;5;634324
75;1258;21;5;624261
75;1824;21;3;199876
75;1691;21;4;417349
75;792;21;6;867527
75;808;21;5;614787
75;1783;21;5;637816
75;942;21;4;404920
75;1174;21;4;410270
75;1255;21;4;411374
74;1814;14;5;268261
74;263;14;5;249668
74;1300;14;3;76637
74;908;14;3;73576
74;1721;14;4;161571
74;97;14;16;2357600
74;112;14;11;1220215
74;199;14;9;858165
74;1744;14;4;162499
73;1486;27;5;970460
73;1178;27;3;392279
73;787;27;1;20545
73;1949;27;5;987382
73;470;27;6;1328119
73;407;27;5;946625
73;394;27;6;1327163
73;695;27;4;653042
73;260;27;20;12339881
73;1629;27;3;394220
73;469;27;3;386908
73;411;27;11;3793592
73;489;27;15;6704386
73;83;27;9;2648423
73;1778;27;5;983791
73;96;27;18;9421295
73;124;27;15;6685807
73;188;27;10;3107985
73;227;27;15;6697184
73;914;27;6;1332031
73;102;27;22;13848436
73;276;27;23;15251422
72;1162;14;4;153664
72;1161;14;4;153261
72;1054;14;7;541590
72;138;14;18;2807590
72;853;14;3;73260
72;767;14;12;1413780
72;187;14;5;249601
72;434;14;3;72485
72;460;14;4;147383
71;1378;9;5;94822
71;871;9;7;194824
71;263;9;5;90032
71;946;9;4;50438
70;1954;25;5;855364
70;1382;25;4;572834
70;1164;25;3;297013
70;1680;25;4;577176
70;1506;25;5;852746
70;868;25;5;846839
70;770;25;6;1162025
70;1111;25;8;1919962
70;1647;25;4;576990
70;226;25;14;4951978
70;754;25;4;568706
70;544;25;5;844211
70;1250;25;3;297590
70;206;25;14;4951933
70;583;25;6;1159730
70;726;25;4;567584
70;242;25;24;13979631
70;289;25;24;14001995
70;1405;25;5;850662
70;680;25;16;6647679
69;1979;25;5;855563
69;1810;25;3;304630
69;863;25;7;1508866
69;756;25;10;2804727
69;1412;25;3;300199
69;513;25;7;1502101
69;1925;25;5;854822
69;591;25;4;561737
69;475;25;9;2383120
69;83;25;9;2377263
69;365;25;5;843452
69;1087;25;6;1174350
69;1058;25;11;3267993
69;72;25;14;4938156
69;1993;25;5;856908
69;108;25;21;12044572
69;160;25;6;1145180
69;116;25;35;22053831
69;285;25;4;557564
69;193;25;3;291059
68;1796;38;3;711870
68;1964;38;5;1790394
68;1728;38;6;2408670
68;1504;38;5;1788809
68;1401;38;4;1213379
68;1353;38;7;3107725
68;377;38;15;13182219
68;290;38;4;1200346
68;231;38;19;18237013
68;1833;38;5;1790376
68;410;38;4;1202019
68;1992;38;5;1792312
68;1048;38;4;1208767
68;840;38;5;1779659
68;98;38;15;13159120
68;216;38;13;9702877
68;1260;38;4;1212760
68;354;38;7;3098646
68;826;38;6;2406110
68;177;38;5;1771831
68;510;38;5;1775455
68;1869;38;6;2409018
68;512;38;11;7332894
68;573;38;4;1206189
68;601;38;9;4847235
68;861;38;14;12230000
68;909;38;5;1780483
68;987;38;2;314428
68;211;38;21;20285093
68;1096;38;4;1209450
68;1299;38;6;2406853
68;1328;38;5;1787002
68;1140;38;7;3103772
67;1726;47;5;2540245
67;1526;47;3;1047793
67;1502;47;2;493595
67;1404;47;4;1747950
67;1395;47;3;1047688
67;1598;47;4;1751917
67;1421;47;5;2527147
67;1244;47;4;1746144
67;1225;47;4;1745142
67;1189;47;3;1047178
67;1102;47;4;1742976
67;1007;47;4;1739884
67;839;47;5;2520140
67;119;47;27;35912536
67;103;47;46;66319203
67;538;47;9;7464680
67;70;47;25;33361230
67;170;47;3;1045334
67;144;47;8;5935853
67;1548;47;7;4344324
67;275;47;13;14435674
67;893;47;4;1737677
67;185;47;9;7461346
67;172;47;16;18922305
67;520;47;5;2511008
67;205;47;21;26804911
67;1013;47;10;9044443
67;619;47;4;1734769
67;254;47;18;21062053
67;341;47;6;3463707
67;269;47;16;18927915
67;435;47;6;3470030
67;484;47;4;1733914
67;537;47;4;1734759
67;808;47;5;2517873
67;572;47;8;5936140
67;345;47;20;25864584
67;581;47;11;11597927
67;858;47;3;1046624
67;622;47;5;2512498
67;1911;47;5;2540645
67;731;47;3;1045753
66;1893;19;5;510404
66;1530;19;4;322199
66;1357;19;2;57367
66;1184;19;4;317350
66;1091;19;4;316680
66;983;19;4;314052
66;98;19;15;3507613
66;99;19;31;13660106
66;554;19;29;12855508
66;135;19;25;9049796
66;173;19;16;3875991
66;295;19;15;3507842
66;529;19;3;164729
66;712;19;14;3102895
65;1730;16;4;215841
65;1621;16;6;533350
65;1524;16;4;211690
65;690;16;11;1555357
65;197;16;4;200055
65;1305;16;5;366040
65;409;16;6;513009
65;1098;16;6;525839
65;239;16;14;2361189
65;732;16;4;203151
65;289;16;24;6160437
65;753;16;3;101132
64;1794;19;5;508668
64;1568;19;4;322600
64;1116;19;6;709628
64;357;19;9;1457078
64;1554;19;3;167743
64;104;19;16;3875729
64;544;19;5;498235
64;1064;19;5;500039
64;1183;19;9;1462132
64;574;19;3;164937
64;670;19;5;498424
64;759;19;4;310912
64;1941;19;3;168354
64;1100;19;3;166929
63;1899;31;5;1253351
63;299;31;12;5727549
63;221;31;10;4002554
63;143;31;30;25769075
63;127;31;15;8934651
63;79;31;15;8921225
63;1962;31;4;839745
63;74;31;14;7675395
63;212;31;5;1235551
63;94;31;33;28073614
63;616;31;6;1712672
63;73;31;27;20899171
63;244;31;27;20920125
63;242;31;24;18533636
63;260;31;20;14899669
63;349;31;4;810861
63;459;31;14;7713674
63;547;31;3;485939
63;729;31;10;4028453
63;800;31;5;1249047
63;1525;31;3;490690
63;942;31;4;815055
63;1376;31;3;487859
63;827;31;4;814730
63;1653;31;8;2751460
63;1745;31;4;838924
62;1680;14;4;160856
62;1618;14;5;264978
62;231;14;19;3097466
62;77;14;22;3986149
62;670;14;5;252079
62;969;14;3;73735
62;1177;14;5;260927
62;703;14;10;1017313
62;892;14;5;257684
61;1984;27;4;677337
61;1960;27;5;988641
61;1726;27;5;979965
61;1610;27;3;394163
61;1528;27;5;974742
61;1469;27;4;673294
61;1400;27;4;672918
61;1257;27;5;964075
61;1618;27;5;976047
61;1270;27;7;1770734
61;1275;27;5;966315
61;985;27;3;391385
61;1738;27;5;980483
61;91;27;34;25085031
61;1906;27;5;985851
61;137;27;45;34470554
61;1762;27;6;1342508
61;138;27;18;9449215
61;683;27;4;652954
61;944;27;3;390393
61;250;27;7;1755402
61;743;27;4;653962
60;1883;41;5;2008195
60;1724;41;5;2006622
60;1722;41;5;2005563
60;1601;41;8;4329438
60;1401;41;4;1350344
60;189;41;15;14779843
60;1963;41;5;2014356
60;1904;41;5;2010679
60;75;41;21;21810494
60;220;41;24;26802846
60;168;41;9;5392489
60;748;41;6;2695221
60;1323;41;2;395321
60;84;41;16;15808408
60;91;41;34;40082962
60;235;41;14;13244373
60;1319;41;4;1348917
60;729;41;10;6915723
60;243;41;31;35928629
60;1372;41;4;1349687
60;133;41;15;14777139
60;782;41;4;1346467
60;354;41;7;3551465
60;1622;41;5;2004992
60;383;41;10;6910114
60;270;41;5;1998362
60;447;41;7;3552254
60;1530;41;4;1350386
60;940;41;3;806205
60;677;41;8;4323733
60;915;41;6;2699020
60;921;41;7;3554460
60;946;41;4;1348092
60;229;41;2;394815
60;347;41;11;8517857
60;1232;41;4;1348795
59;1994;51;6;3954473
59;1847;51;4;1995566
59;1808;51;4;1993807
59;1359;51;6;3953538
59;1584;51;4;1977880
59;1230;51;4;1968464
59;1125;51;7;5254833
59;1078;51;3;1216119
59;826;51;6;3917384
59;812;51;3;1216048
59;1366;51;5;2917322
59;422;51;4;1938881
59;182;51;19;26339452
59;1172;51;2;593691
59;169;51;5;2911857
59;202;51;18;25150689
59;1712;51;4;1988930
59;201;51;14;17553533
59;1127;51;3;1220059
59;1826;51;5;2918168
59;528;51;5;2912378
59;760;51;4;1952515
59;1986;51;5;2923028
59;1160;51;3;1220190
59;98;51;15;19609990
59;1663;51;4;1988284
59;955;51;7;5254602
59;736;51;4;1952422
59;1010;51;2;592346
59;239;51;14;17567814
59;154;51;26;37117319
59;137;51;45;71860368
59;255;51;12;14509028
59;144;51;8;6729634
59;380;51;11;13143841
59;409;51;6;3904871
59;670;51;5;2916185
59;396;51;4;1937001
59;1084;51;3;1216210
59;435;51;6;3908993
59;457;51;10;11035040
59;190;51;12;14488332
59;544;51;5;2913092
59;505;51;18;25226069
59;1495;51;2;595870
59;669;51;4;1948794
28;1941;40;3;800625
28;1921;40;4;1320815
28;1848;40;5;1926771
28;1668;40;2;377587
28;1621;40;6;2620373
28;1454;40;3;776649
28;1391;40;3;774251
28;1235;40;3;770707
28;47;40;30;34393192
28;36;40;35;40192664
28;94;40;33;36771694
28;1016;40;4;1314604
28;70;40;25;27476369
28;1673;40;2;378231
28;80;40;48;56069346
28;892;40;5;1917860
28;29;40;44;50643498
28;583;40;6;2600163
28;76;40;8;4180866
28;902;40;5;1917928
28;334;40;4;1289442
28;228;40;5;1900704
28;231;40;19;19003608
28;1969;40;4;1321252
28;1910;40;6;2639325
28;317;40;11;7913534
28;218;40;4;1286220
28;926;40;4;1312336
28;454;40;5;1908943
28;599;40;4;1301379
28;773;40;5;1914829
28;903;40;7;3372081
28;1110;40;8;4248166
28;30;40;70;91200362
28;1151;40;4;1315985
27;1956;34;5;1455264
27;1940;34;5;1454470
27;1937;34;5;1452227
27;1908;34;5;1450867
27;441;34;14;9327776
27;1879;34;6;1996256
27;227;34;15;10995122
27;31;34;70;74553453
27;495;34;6;1942354
27;1008;34;4;995566
27;526;34;6;1942938
27;703;34;10;4794542
27;66;34;19;15567355
27;936;34;7;2547152
27;723;34;3;590999
27;1448;34;5;1446190
27;730;34;3;591219
27;455;34;4;990458
27;1281;34;4;998345
27;1513;34;2;242632
27;779;34;4;991672
27;1213;34;3;594116
27;859;34;3;591941
27;999;34;5;1443377
27;1840;34;6;1994697
27;1087;34;6;1957630
27;1756;34;3;596360
27;834;34;4;992470
27;1778;34;5;1446775
26;1931;83;4;4644378
26;1889;83;5;7308251
26;1860;83;5;7283277
26;1833;83;5;7279571
26;1813;83;4;4619555
26;1771;83;5;7235052
26;1736;83;6;10800336
26;1638;83;7;13543107
26;1676;83;2;1400759
26;1549;83;5;7189036
26;1491;83;4;4598017
26;1484;83;5;7181076
26;1377;83;5;7163453
26;1368;83;4;4588505
26;1333;83;7;13542665
26;1322;83;4;4583106
26;1309;83;4;4581573
26;1267;83;5;7149236
26;274;83;3;2757423
26;38;83;33;88855329
26;1363;83;4;4586233
26;982;83;4;4536802
26;256;83;21;50486803
26;197;83;4;4436630
26;1117;83;6;10745721
26;283;83;15;35411192
26;167;83;14;32668157
26;108;83;21;49947402
26;109;83;19;45302764
26;1942;83;5;7317194
26;37;83;30;77438229
26;391;83;4;4471686
26;69;83;25;61863425
26;305;83;7;13475723
26;836;83;4;4512646
26;1249;83;4;4562311
26;257;83;11;24927681
26;1146;83;6;10757776
26;130;83;16;37267793
26;366;83;5;6966601
26;183;83;24;59710902
26;301;83;11;24980192
26;72;83;14;32616774
26;1134;83;4;4544335
26;43;83;23;55629215
26;1581;83;5;7196058
26;57;83;33;88922515
26;1715;83;6;10796219
26;191;83;20;47016673
26;300;83;20;47059433
26;935;83;2;1399324
26;427;83;8;15858838
26;75;83;21;49774056
26;901;83;5;7096269
26;73;83;27;68949550
26;327;83;5;6965824
26;232;83;19;45318678
26;740;83;4;4503879
26;330;83;10;20768141
26;371;83;5;6976872
26;387;83;4;4469849
26;417;83;5;7019795
26;550;83;5;7039728
26;557;83;5;7046384
26;84;83;16;37247683
26;592;83;4;4491834
26;128;83;25;61984215
26;636;83;5;7049521
26;716;83;6;10598900
26;1329;83;3;2784243
26;1202;83;3;2781909
26;884;83;4;4520407
26;939;83;5;7102227
26;1356;83;3;2793229
26;86;83;4;4434250
26;848;83;10;20811637
26;975;83;5;7108038
26;1203;83;5;7142512
25;1534;16;6;531987
25;1066;16;5;360932
25;1742;16;5;380193
25;785;16;3;101946
25;38;16;33;12081065
25;66;16;19;3872399
25;335;16;6;511636
25;540;16;13;2020009
25;475;16;9;1064178
25;852;16;5;355635
25;750;16;5;351862
24;1996;31;5;1254865
24;1977;31;5;1254153
24;155;31;27;20902010
24;126;31;26;20285373
24;67;31;47;42246648
24;1729;31;4;836169
24;43;31;23;17464391
24;1631;31;4;834033
24;134;31;16;9814122
24;1078;31;3;487570
24;27;31;34;28570947
24;225;31;4;808340
24;813;31;4;814502
24;341;31;6;1704050
24;187;31;5;1230508
24;305;31;7;2183119
24;1146;31;6;1721275
24;352;31;14;7708239
24;625;31;6;1714729
24;703;31;10;4013446
24;939;31;5;1249189
24;1068;31;8;2725545
24;1133;31;6;1721010
24;92;31;11;4841258
24;1626;31;4;830350
24;1449;31;4;827598
23;1956;42;5;2102937
23;1927;42;3;884828
23;1884;42;4;1433814
23;1579;42;5;2089032
23;1494;42;3;881383
23;1000;42;4;1418479
23;880;42;6;2862248
23;943;42;6;2867804
23;235;42;14;13581393
23;61;42;27;30763826
23;1618;42;5;2090962
23;438;42;8;4705226
23;102;42;22;25646486
23;1784;42;5;2096132
23;73;42;27;30778424
23;595;42;4;1409667
23;85;42;58;76561937
23;463;42;3;863462
23;521;42;3;864256
23;579;42;3;864697
23;1375;42;7;3655694
23;57;42;33;39914264
23;470;42;6;2846107
23;169;42;5;2036673
23;256;42;21;22215767
23;99;42;31;36666515
23;807;42;11;8906634
23;376;42;10;7359543
23;258;42;4;1401497
23;332;42;6;2839165
23;381;42;9;5989210
23;951;42;4;1417723
23;420;42;5;2044252
23;1947;42;5;2102024
23;826;42;6;2859162
23;437;42;3;863047
23;446;42;13;12847419
22;1927;74;3;2357361
22;1904;74;5;5694931
22;1853;74;6;8377515
22;1838;74;6;8369027
22;1791;74;4;3769169
22;1705;74;5;5638625
22;1549;74;5;5630910
22;1383;74;3;2349819
22;1876;74;4;3785457
22;1368;74;4;3743318
22;1305;74;5;5624570
22;410;74;4;3679056
22;115;74;30;67747181
22;56;74;43;98389528
22;396;74;4;3676202
22;101;74;27;60279679
22;514;74;3;2314190
22;305;74;7;11612984
22;491;74;2;1139435
22;845;74;12;22514605
22;195;74;10;18292998
22;608;74;7;11653987
22;220;74;24;51324074
22;212;74;5;5422970
22;171;74;8;13687335
22;938;74;3;2324252
22;391;74;4;3675300
22;1652;74;5;5631300
22;255;74;12;22389292
22;50;74;14;28252695
22;343;74;8;13695972
22;89;74;29;65568948
22;254;74;18;37756786
22;1003;74;5;5574348
22;71;74;9;16012464
22;1781;74;5;5660511
22;534;74;5;5479005
22;32;74;71;172189694
22;1212;74;6;8289937
22;47;74;30;67717653
22;460;74;4;3682254
22;34;74;44;108314491
22;288;74;6;8135131
22;819;74;5;5547015
22;419;74;10;18359938
22;1281;74;4;3729990
22;519;74;4;3687531
22;773;74;5;5529920
22;426;74;15;30219240
22;1386;74;5;5624634
22;497;74;10;18394404
22;166;74;9;16016957
22;547;74;3;2315625
22;585;74;16;33627532
22;1645;74;2;1143071
22;629;74;10;18466857
22;663;74;11;20346550
22;335;74;6;8159643
22;716;74;6;8215033
22;644;74;12;22415940
22;771;74;5;5526881
22;27;74;34;78644575
22;789;74;3;2322006
22;423;74;9;16067636
22;677;74;8;13805333
22;931;74;3;2323592
22;965;74;8;13846979
22;1034;74;3;2329209
22;1113;74;5;5601643
21;1858;42;5;2099900
21;1414;42;3;880924
21;1292;42;4;1424072
21;1151;42;4;1420868
21;1141;42;4;1418666
21;1022;42;3;871869
21;98;42;15;15309838
21;1061;42;3;875360
21;176;42;13;12817017
21;1877;42;5;2100026
21;48;42;64;84310491
21;222;42;5;2038150
21;1127;42;3;877313
21;25;42;16;16334400
21;417;42;5;2043526
21;63;42;31;36509676
21;1890;42;6;2895376
21;356;42;7;3633537
21;60;42;41;49169234
21;390;42;9;5997930
21;564;42;9;6004533
21;917;42;8;4721110
21;622;42;5;2057602
21;90;42;31;36576794
21;911;42;5;2072815
21;191;42;20;20947330
21;258;42;4;1401313
21;141;42;6;2810441
21;377;42;15;15388044
21;400;42;2;397302
21;979;42;5;2073807
21;507;42;7;3637419
21;1512;42;5;2086951
21;37;42;30;35509771
21;509;42;3;863481
21;515;42;6;2850007
21;821;42;4;1415046
20;1808;68;4;3217711
20;1798;68;3;1990653
20;1755;68;5;4831432
20;1605;68;5;4822180
20;1572;68;6;6874194
20;891;68;7;9345082
20;460;68;4;3177202
20;106;68;39;84019808
20;1995;68;5;4840182
20;344;68;4;3157944
20;268;68;20;37840612
20;197;68;4;3141212
20;189;68;15;27595692
20;1133;68;6;6854289
20;365;68;5;4784652
20;660;68;16;29881755
20;1420;68;5;4811819
20;835;68;3;1954817
20;1071;68;3;1956608
20;392;68;4;3160295
20;1100;68;3;1962674
20;1277;68;3;1971857
20;293;68;17;32444530
20;39;68;41;90434436
20;40;68;36;77157032
20;1515;68;5;4813168
20;237;68;23;44638266
20;161;68;32;66819444
20;34;68;44;96716621
20;92;68;11;18867468
20;419;68;10;16441208
20;38;68;33;69089905
20;800;68;5;4796477
20;41;68;28;55577712
20;425;68;3;1940208
20;44;68;47;104504721
20;495;68;6;6737431
20;1160;68;3;1964266
20;525;68;6;6762126
20;1972;68;4;3225211
20;448;68;4;3172190
20;702;68;3;1949520
20;559;68;8;12779169
20;223;68;21;41137338
20;604;68;3;1945224
20;774;68;9;14673248
20;783;68;11;18873366
20;842;68;4;3191412
20;812;68;3;1953236
20;1463;68;4;3203275
20;1209;68;3;1968347
20;1265;68;3;1970130
20;1324;68;5;4808344
20;126;68;26;51304080
20;1269;68;7;9352471
20;1370;68;6;6868994
20;1915;68;4;3222352
20;1407;68;4;3202809
20;1496;68;4;3207836
20;1552;68;6;6872854
20;1815;68;5;4831608
20;37;68;30;60612795
20;1561;68;3;1977398
19;1814;36;5;1660522
19;1739;36;6;2178292
19;1692;36;2;288749
19;1613;36;4;1104839
19;277;36;4;1058742
19;862;36;10;5332819
19;204;36;24;21848577
19;320;36;6;2149137
19;813;36;4;1074325
19;1922;36;5;1674061
19;34;36;44;45388076
19;1834;36;3;676634
19;313;36;23;20639932
19;52;36;44;45556201
19;253;36;7;2823099
19;371;36;5;1598575
19;67;36;47;48429740
19;505;36;18;15589884
19;385;36;14;10921865
19;412;36;16;13371862
19;1335;36;6;2175916
19;450;36;10;5286732
19;128;36;25;22697203
19;482;36;14;10941556
19;550;36;5;1604890
19;587;36;4;1067105
19;1938;36;5;1675662
19;758;36;4;1073306
19;1599;36;6;2177626
19;924;36;4;1078312
19;1215;36;5;1643159
18;1932;83;5;7315675
18;1917;83;4;4638240
18;1872;83;5;7297357
18;1832;83;4;4630783
18;1800;83;6;10805806
18;1792;83;5;7241061
18;1731;83;5;7228418
18;1649;83;5;7210912
18;1634;83;3;2802081
18;1410;83;8;15893116
18;1335;83;6;10781310
18;1240;83;7;13531719
18;1171;83;3;2775934
18;1117;83;6;10633552
18;565;83;2;1398855
18;1037;83;7;13510152
18;415;83;6;10543116
18;356;83;7;13479040
18;828;83;7;13507799
18;1566;83;3;2800368
18;296;83;11;24965964
18;650;83;4;4498370
18;188;83;10;20710422
18;1780;83;4;4614672
18;129;83;22;53328654
18;195;83;10;20755148
18;322;83;5;6964631
18;676;83;10;20790859
18;264;83;16;37289605
18;121;83;14;32651001
18;888;83;3;2773530
18;388;83;15;35458774
18;892;83;5;7084717
18;33;83;74;199511479
18;623;83;20;47261551
18;46;83;48;127859472
18;386;83;4;4447014
18;273;83;15;35383499
18;1436;83;4;4595508
18;166;83;9;18840456
18;39;83;41;111429814
18;378;83;6;10507652
18;24;83;31;81663631
18;555;83;14;33139598
18;23;83;42;115665813
18;53;83;35;93360191
18;593;83;8;15867099
18;466;83;7;13487225
18;95;83;36;96262699
18;131;83;25;62024380
18;512;83;11;25055463
18;1460;83;5;7170054
18;571;83;5;7049320
18;1161;83;4;4553250
18;526;83;6;10596854
18;1116;83;6;10632996
18;548;83;8;15865588
18;1911;83;5;7314655
18;1276;83;4;4573397
18;641;83;7;13501957
18;687;83;9;18857721
18;743;83;4;4511786
18;861;83;14;33161488
18;979;83;5;7108263
18;1605;83;5;7202210
18;462;83;4;4474071
18;1097;83;4;4540276
18;749;83;12;27401296
18;811;83;5;7050069
18;822;83;3;2771704
18;846;83;5;7073019
18;1721;83;4;4613130
18;70;83;25;61970839
18;959;83;3;2774419
18;1771;83;5;7234326
18;247;83;4;4442099
18;501;83;6;10545912
18;1009;83;7;13507963
17;1949;95;5;9293861
17;1895;95;5;9259464
17;1865;95;4;6129270
17;1821;95;3;3530415
17;1771;95;5;9257008
17;1755;95;5;9255986
17;1750;95;4;6108761
17;1696;95;5;9254236
17;1667;95;3;3527717
17;1576;95;5;9247151
17;1541;95;4;6096322
17;1970;95;5;9301657
17;1462;95;4;6084599
17;1434;95;3;3524770
17;1380;95;4;6076570
17;1366;95;5;9214305
17;1359;95;6;13214124
17;1268;95;3;3522381
17;1234;95;6;13191774
17;1233;95;5;9189508
17;1166;95;6;13186235
17;1123;95;7;15980564
17;630;95;9;21810314
17;287;95;17;46174872
17;995;95;5;9141971
17;890;95;4;6041878
17;1067;95;5;9157654
17;323;95;7;15975351
17;196;95;5;9073687
17;727;95;8;19282532
17;1817;95;4;6119422
17;166;95;9;21772846
17;155;95;27;81606072
17;25;95;16;43192340
17;203;95;5;9089736
17;85;95;58;181104122
17;1669;95;4;6104809
17;145;95;15;40873793
17;261;95;16;43241699
17;1638;95;7;16003782
17;241;95;5;9090561
17;114;95;15;40614736
17;1916;95;5;9272970
17;1451;95;5;9242849
17;54;95;15;40570615
17;880;95;6;13185066
17;292;95;14;37585762
17;31;95;70;205296842
17;34;95;44;134609068
17;919;95;13;35025269
17;20;95;68;201248720
17;187;95;5;9072941
17;251;95;13;34921110
17;1013;95;10;25988690
17;100;95;27;81203175
17;1637;95;4;6097523
17;1129;95;3;3518760
17;240;95;14;37565355
17;367;95;4;6010082
17;857;95;2;1780110
17;603;95;8;19152877
17;662;95;4;6023651
17;449;95;14;37740024
17;1735;95;5;9255124
17;1227;95;1;501030
17;465;95;8;19123790
17;263;95;5;9094972
17;517;95;3;3518589
17;564;95;9;21798319
17;1845;95;4;6119675
17;1591;95;5;9252948
17;575;95;8;19144791
17;1378;95;5;9214369
17;870;95;5;9136652
17;606;95;4;6021968
17;648;95;6;13185044
17;49;95;22;63479383
17;684;95;4;6029496
17;1351;95;6;13192727
17;335;95;6;13174738
17;1097;95;4;6072490
17;1386;95;5;9220337
17;751;95;10;25936947
17;761;95;4;6041420
17;1030;95;4;6056407
17;903;95;7;15976662
17;950;95;4;6043170
17;867;95;5;9095819
17;994;95;3;3518695
17;1094;95;8;19383530
16;1970;49;5;2693257
16;1571;49;5;2689243
16;1470;49;5;2683865
16;1590;49;3;1139268
16;1059;49;7;4855848
16;1009;49;7;4847965
16;1344;49;3;1139015
16;990;49;4;1863971
16;835;49;3;1131626
16;1163;49;11;12275330
16;101;49;27;37071102
16;1111;49;8;6445504
16;108;49;21;28106282
16;1452;49;4;1870685
16;95;49;36;51274497
16;1050;49;7;4849442
16;47;49;30;42302974
16;136;49;31;43188777
16;923;49;6;3651847
16;687;49;9;8103902
16;97;49;16;20189374
16;1504;49;5;2688303
16;619;49;4;1863658
16;1648;49;5;2691502
16;822;49;3;1128840
16;264;49;16;20209950
16;63;49;31;43161028
16;653;49;10;9506301
16;202;49;18;22160060
16;210;49;5;2667991
16;616;49;6;3640106
16;317;49;11;12266100
16;858;49;3;1131988
16;327;49;5;2679676
16;32;49;71;115439677
16;386;49;4;1861945
16;406;49;8;6396563
16;464;49;5;2683163
16;1846;49;6;3664024
16;430;49;12;13587998
16;1103;49;3;1136697
16;749;49;12;13611138
16;1396;49;4;1866517
16;452;49;14;17103923
15;1890;74;6;8408121
15;1879;74;6;8383081
15;1878;74;7;11726429
15;1832;74;4;3780094
15;1819;74;4;3779818
15;1815;74;5;5662252
15;1839;74;4;3781584
15;1712;74;4;3767791
15;1711;74;4;3764896
15;1665;74;3;2352098
15;424;74;26;56152098
15;247;74;4;3667376
15;311;74;6;8146105
15;16;74;49;118078178
15;1799;74;4;3773803
15;783;74;11;20368765
15;148;74;5;5403499
15;89;74;29;65539105
15;145;74;15;30122698
15;212;74;5;5410342
15;245;74;8;13690601
15;358;74;5;5442606
15;122;74;30;67762763
15;771;74;5;5525840
15;126;74;26;56138115
15;1365;74;3;2346219
15;1358;74;2;1142455
15;317;74;11;20345090
15;201;74;14;28292629
15;496;74;10;18372696
15;419;74;10;18354113
15;1664;74;3;2351192
15;17;74;95;234662700
15;82;74;20;42580617
15;294;74;14;28316597
15;236;74;11;20322220
15;1713;74;5;5649615
15;62;74;14;28281771
15;433;74;6;8193956
15;1770;74;3;2356812
15;500;74;5;5476563
15;795;74;5;5536822
15;637;74;4;3689404
15;701;74;4;3690340
15;234;74;10;18340914
15;742;74;4;3698663
15;749;74;12;22500811
15;432;74;13;26129018
15;686;74;5;5499782
15;813;74;4;3707799
15;1741;74;4;3768429
15;725;74;8;13806251
15;852;74;5;5566803
15;737;74;4;3695224
15;864;74;6;8247871
15;928;74;5;5567306
15;1316;74;4;3734384
15;1854;74;6;8379546
15;965;74;8;13822285
15;27;74;34;78539667
15;535;74;3;2314590
15;408;74;5;5457423
15;916;74;4;3714132
15;1170;74;3;2338303
15;962;74;4;3722394
15;1216;74;4;3729563
15;1338;74;3;2345717
15;334;74;4;3674039
15;1477;74;4;3746193
14;1781;55;5;3280218
14;1677;55;4;2285707
14;1588;55;6;4430315
14;1417;55;4;2265799
14;1255;55;4;2262528
14;1480;55;4;2274832
14;1185;55;4;2251090
14;1173;55;9;9776217
14;1168;55;3;1369473
14;1418;55;5;3277435
14;1123;55;7;6249069
14;1052;55;6;4414733
14;1099;55;4;2248408
14;981;55;4;2244767
14;754;55;4;2242523
14;689;55;12;15852462
14;638;55;4;2233744
14;1826;55;5;3281360
14;587;55;4;2227131
14;741;55;2;679960
14;564;55;9;9763336
14;87;55;27;42605823
14;67;55;47;82108423
14;1324;55;5;3269301
14;144;55;8;7818459
14;53;55;35;56391575
14;319;55;4;2205006
14;24;55;31;48908196
14;39;55;41;69485745
14;68;55;38;64117792
14;271;55;7;6213707
14;711;55;10;12854962
14;235;55;14;19647789
14;88;55;16;22067064
14;1178;55;3;1372471
14;57;55;33;51951401
14;175;55;7;6206243
14;1841;55;4;2295456
14;221;55;10;12852495
14;309;55;6;4383715
14;277;55;4;2198534
14;268;55;20;29973736
14;327;55;5;3246434
14;397;55;19;28515118
14;222;55;5;3243990
14;399;55;4;2213884
14;704;55;3;1365394
14;468;55;11;14029158
14;544;55;5;3264826
14;485;55;13;17659671
13;1957;88;5;8064776
13;1934;88;5;8041515
13;1895;88;5;8041508
13;1682;88;5;8040120
13;1644;88;4;5145592
13;1628;88;3;3082674
13;1586;88;3;3078027
13;1512;88;5;8039719
13;1423;88;3;3069566
13;1369;88;4;5141587
13;1344;88;3;3066293
13;1333;88;7;14868830
13;1320;88;3;3063126
13;1311;88;4;5135275
13;1214;88;4;5117813
13;1179;88;5;8018902
13;1122;88;3;3057057
13;964;88;4;5116843
13;202;88;18;45786139
13;1486;88;5;8030555
13;851;88;5;7997241
13;663;88;11;26311590
13;840;88;5;7988681
13;406;88;8;17397542
13;937;88;8;17398356
13;1603;88;6;12227667
13;1349;88;3;3068387
13;460;88;4;5077763
13;130;88;16;40378384
13;114;88;15;36924507
13;1942;88;5;8057586
13;291;88;4;5060746
13;113;88;6;12082847
13;184;88;21;53372705
13;208;88;9;20278692
13;81;88;26;71341595
13;1515;88;5;8039947
13;372;88;22;56680078
13;653;88;10;22103067
13;236;88;11;26196894
13;944;88;3;3054464
13;1271;88;4;5122640
13;1408;88;6;12202330
13;1027;88;6;12189887
13;170;88;3;3022392
13;424;88;26;71349497
13;701;88;4;5101690
13;66;88;19;47487150
13;955;88;7;14864264
13;167;88;14;34855072
13;40;88;36;98240953
13;53;88;35;97595996
13;643;88;5;7935205
13;251;88;13;32151709
13;103;88;46;129053323
13;16;88;49;138671180
13;252;88;21;53697460
13;1566;88;3;3075107
13;42;88;8;17377797
13;165;88;27;74156476
13;927;88;3;3053373
13;21;88;42;120107697
13;1063;88;5;8004711
13;301;88;11;26227277
13;191;88;20;50746447
13;64;88;19;47373063
13;222;88;5;7839035
13;253;88;7;14818453
13;15;88;74;202035873
13;269;88;16;40491012
13;97;88;16;40304246
13;351;88;12;28647108
13;733;88;5;7981990
13;352;88;14;34907238
13;541;88;17;43093061
13;149;88;18;45602634
13;657;88;4;5085096
13;1375;88;7;14873793
13;740;88;4;5114009
13;77;88;22;56671758
13;204;88;24;65062662
13;839;88;5;7983809
13;921;88;7;14863789
1;1989;228;5;32122927
1;1943;228;5;32027088
1;1829;228;5;32018878
1;1743;228;5;31983915
1;1738;228;5;31958763
1;1672;228;3;17100661
1;1663;228;4;24775606
1;1653;228;8;53134977
1;1599;228;6;39659347
1;1562;228;2;8838401
1;1540;228;4;24587311
1;1533;228;4;24525242
1;1467;228;4;24515912
1;1418;228;5;31748548
1;1654;228;4;24764030
1;1397;228;3;17077177
1;1390;228;4;24507833
1;1370;228;6;39580888
1;1366;228;5;31695641
1;1284;228;5;31615029
1;1273;228;2;8761130
1;1203;228;5;31496103
1;1195;228;6;39532531
1;1154;228;6;39441464
1;1151;228;4;24337495
1;1111;228;8;53029741
1;1104;228;3;17062311
1;1079;228;8;52897599
1;1330;228;8;53037400
1;1073;228;3;17058333
1;1066;228;5;31373863
1;1565;228;4;24742054
1;1051;228;6;39422173
1;1549;228;5;31927502
1;1035;228;4;24269560
1;1012;228;3;16992579
1;1519;228;5;31922043
1;1005;228;2;8702560
1;984;228;4;24203750
1;1223;228;5;31548330
1;966;228;2;8689118
1;1731;228;5;31950835
1;960;228;4;24198605
1;954;228;6;39154947
1;1977;228;5;32117015
1;949;228;9;61381322
1;928;228;5;31327189
1;919;228;13;95710826
1;917;228;8;52879628
1;900;228;3;16981926
1;780;228;4;24036402
1;750;228;5;31292536
1;728;228;2;8651137
1;976;228;6;39258390
1;719;228;3;16936954
1;718;228;4;23944506
1;669;228;4;23915840
1;1439;228;4;24512939
1;668;228;3;16932405
1;1186;228;5;31440076
1;158;228;19;141068918
1;156;228;17;124770813
1;1311;228;4;24485124
1;283;228;15;113945861
1;1948;228;5;32057351
1;149;228;18;131321999
1;143;228;30;231199854
1;16;228;49;485117471
1;1936;228;6;39786271
1;651;228;5;31239670
1;132;228;13;94248885
1;116;228;35;263209304
1;115;228;30;229384275
1;113;228;6;38779842
1;494;228;5;31103353
1;110;228;20;145929760
1;108;228;21;159748537
1;152;228;33;250691080
1;93;228;30;217704807
1;1179;228;5;31439844
1;151;228;4;23750619
1;1377;228;5;31704388
1;92;228;11;77469243
1;1631;228;4;24755031
1;89;228;29;204296376
1;216;228;13;94649540
1;1371;228;4;24497029
1;343;228;8;52836746
1;60;228;41;349389893
1;187;228;5;30931967
1;117;228;25;184764311
1;12;228;124;-27793863
1;1810;228;3;17102215
1;1296;228;5;31690774
1;11;228;111;2052296808
1;840;228;5;31312426
1;69;228;25;183779269
1;323;228;7;45994342
1;450;228;10;71047471
1;524;228;6;39042417
1;10;228;83;1102624214
1;5;228;170;304451247
1;262;228;21;161159293
1;37;228;30;214121727
1;164;228;15;112306876
1;65;228;16;118144494
1;192;228;5;30958747
1;64;228;19;140768385
1;122;228;30;230973629
1;376;228;10;71047087
1;4;228;102;1734174187
1;639;228;3;16910513
1;75;228;21;157352260
1;3;228;180;677234146
1;1814;228;5;31994379
1;1043;228;6;39282837
1;786;228;3;16961026
1;15;228;74;903986744
1;933;228;5;31373190
1;676;228;10;71175131
1;162;228;11;77540344
1;815;228;3;16979678
1;44;228;47;430277708
1;41;228;28;200366459
1;298;228;7;45906609
1;425;228;3;16893178
1;2;228;130;741842072
1;1614;228;4;24745406
1;72;228;14;99644519
1;1327;228;3;17074661
1;42;228;8;52539796
1;59;228;51;511730772
1;186;228;11;77772459
1;567;228;5;31131291
1;1542;228;4;24650459
1;257;228;11;77774516
1;508;228;4;23821515
1;18;228;83;1102933510
1;106;228;39;297595870
1;19;228;36;271682600
1;13;228;88;1138804406
1;527;228;5;31104690
1;1820;228;4;24872381
1;1563;228;5;31930067
1;21;228;42;353815154
1;145;228;15;112306446
1;402;228;20;147547525
1;656;228;6;39116663
1;50;228;14;99334478
1;688;228;4;23943256
1;431;228;9;61098711
1;1309;228;4;24461365
1;24;228;31;239297254
1;281;228;4;23759137
1;28;228;40;307473513
1;22;228;74;913724876
1;536;228;4;23822596
1;36;228;35;259891212
1;417;228;5;31081069
1;46;228;48;474897092
1;1972;228;4;24912284
1;687;228;9;61317562
1;173;228;16;118577328
1;371;228;5;31050000
1;114;228;15;111600592
1;1340;228;4;24496056
1;55;228;62;773289732
1;680;228;16;119645918
1;166;228;9;60970926
1;951;228;4;24183718
1;180;228;4;23751187
1;47;228;30;216342426
1;304;228;20;147310664
1;561;228;4;23828609
1;1488;228;5;31902860
1;203;228;5;30960412
1;584;228;13;95276582
1;1508;228;5;31910005
1;223;228;21;160584326
1;991;228;4;24204208
1;734;228;4;23962422
1;477;228;4;23803623
1;604;228;3;16904101
1;230;228;4;23756359
1;1021;228;3;17009748
1;250;228;7;45830021
1;1405;228;5;31736941
1;377;228;15;114265591
1;253;228;7;45862970
1;6;228;98;1688079764
1;263;228;5;31039118
1;1582;228;3;17091968
1;297;228;18;132119410
1;311;228;6;38810381
1;58;228;40;308799968
1;315;228;3;16890837
1;834;228;4;24086290
1;320;228;6;38885672
1;341;228;6;38893012
1;356;228;7;46012154
1;1511;228;3;17086137
1;483;228;1;2399595
1;375;228;11;78308116
1;1175;228;4;24420259
1;404;228;13;94921632
1;407;228;5;31068295
1;169;228;5;30917345
1;426;228;15;114556828
1;451;228;5;31084206
1;463;228;3;16893932
1;466;228;7;46089367
1;472;228;4;23800048
1;475;228;9;61132987
1;501;228;6;38975841
1;1029;228;9;61503920
1;515;228;6;39002085
1;1550;228;4;24695275
1;8;228;63;800770355
1;522;228;6;39027196
1;27;228;34;257292587
1;541;228;17;125602484
1;562;228;4;23853890
1;1099;228;4;24303044
1;585;228;16;118760564
1;588;228;4;23877326
1;605;228;9;61176993
1;612;228;6;39060345
0;1991;124;6;18834359
0;1925;124;5;15151660
0;1563;124;5;15100292
0;1488;124;5;15065416
0;1459;124;2;2741237
0;1442;124;4;10167326
0;1306;124;5;15025782
0;1259;124;6;18755859
0;1257;124;5;15008571
0;1220;124;8;27240634
0;1051;124;6;18665186
0;992;124;6;18657085
0;938;124;3;5842665
0;904;124;4;10004160
0;880;124;6;18643492
0;861;124;14;49657187
0;1452;124;4;10192825
0;817;124;7;21942514
0;1756;124;3;5905900
0;740;124;4;9969053
0;725;124;8;27161831
0;710;124;4;9959330
0;678;124;2;2723266
0;676;124;10;35293123
0;623;124;20;77189163
0;609;124;4;9922593
0;601;124;9;30397685
0;539;124;10;35157248
0;525;124;6;18588830
0;1919;124;6;18831424
0;522;124;6;18581082
0;520;124;5;14928694
0;519;124;4;9914891
0;74;124;14;49356412
0;70;124;25;97867942
0;1517;124;3;5896042
0;628;124;6;18592409
0;247;124;4;9846050
0;1443;124;4;10184642
0;1316;124;4;10147781
0;46;124;48;190517368
0;1806;124;6;18830110
0;1552;124;6;18816427
0;282;124;19;74021196
0;1326;124;3;5869739
0;56;124;43;178437437
0;789;124;3;5799338
0;662;124;4;9945453
0;27;124;34;134795219
0;1929;124;5;15172031
0;24;124;31;122940722
0;658;124;4;9925551
0;23;124;42;170642480
0;200;124;18;68087044
0;1;124;228;-1211884496
0;237;124;23;91568235
0;2;124;130;856608195
0;61;124;27;109232450
0;873;124;4;9987921
0;238;124;5;14897501
0;3;124;180;1486297448
0;33;124;74;332900637
0;1616;124;4;10330475
0;473;124;11;38767275
0;92;124;11;38097595
0;4;124;102;641915400
0;1481;124;8;27299501
0;592;124;4;9921896
0;84;124;16;58319070
0;211;124;21;82271951
0;1148;124;2;2729389
0;5;124;170;1333281791
0;18;124;83;393331280
0;490;124;11;38777879
0;6;124;98;529461296
0;1970;124;5;15222086
0;827;124;4;9983159
0;65;124;16;58285495
0;19;124;36;144282678
0;1531;124;5;15094820
0;7;124;152;1017053448
0;361;124;4;9881581
0;9;124;68;277588019
0;1202;124;3;5853329
0;186;124;11;38302354
0;198;124;16;59170431
0;1321;124;4;10159886
0;51;124;55;212976528
0;22;124;74;321960307
0;296;124;11;38646582
0;42;124;8;26987404
0;1918;124;5;15146966
0;1791;124;4;10381846
0;13;124;88;460799124
0;1841;124;4;10409735
0;190;124;12;42823743
0;308;124;19;74110977
0;113;124;6;18503876
0;349;124;4;9871449
0;126;124;26;104688557
0;1431;124;3;5875722
0;34;124;44;179772431
0;161;124;32;127735083
0;1955;124;5;15207822
0;1828;124;5;15136359
0;1066;124;5;14974447
0;177;124;5;14877685
0;212;124;5;14881049
0;1240;124;7;21953408
0;224;124;21;82910520
0;235;124;14;49568587
0;252;124;21;83229997
0;10;124;83;375996284
0;264;124;16;59278628
0;1196;124;6;18753182
0;307;124;11;38713363
0;80;124;48;190521439
0;334;124;4;9854262
0;1747;124;4;10379425
0;1493;124;5;15074617
0;350;124;8;27024590
0;371;124;5;14924651
0;208;124;9;30374775
0;462;124;4;9900268
2;1989;130;5;15782274
2;1988;130;5;15777533
2;1982;130;5;15770633
2;452;130;14;52199298
2;437;130;3;6274589
2;564;130;9;33172981
2;149;130;18;72306425
2;429;130;24;98075731
2;48;130;64;273398311
2;1191;130;5;15702436
2;252;130;21;85521348
2;633;130;10;36470346
2;249;130;16;63221962
2;760;130;4;11791348
2;503;130;18;73327388
2;884;130;4;11808773
2;226;130;14;52071517
2;1115;130;7;23674897
2;174;130;7;23463860
2;47;130;30;126102294
2;682;130;4;11756478
2;1063;130;5;15701574
2;173;130;16;62987618
2;46;130;48;199854723
2;271;130;7;23504550
2;153;130;16;62881854
2;277;130;4;11729007
2;534;130;5;15661903
2;385;130;14;52151882
2;140;130;36;153136593
2;136;130;31;128895948
2;9;130;68;295790287
2;133;130;15;56881338
2;1911;130;5;15768010
2;132;130;13;48293260
2;5;130;170;1468117501
2;767;130;12;44513424
2;360;130;8;28459879
2;124;130;15;56807798
2;28;130;40;168412510
2;1552;130;6;20058041
2;4;130;102;715956362
2;775;130;10;36488528
2;261;130;16;63300290
2;7;130;152;1121178852
2;1658;130;4;11958814
2;25;130;16;62323222
2;914;130;6;19959550
2;825;130;3;6297393
2;54;130;15;56765451
2;12;130;124;862841261
2;1790;130;3;6377391
2;11;130;111;834575204
2;1154;130;6;19997297
2;8;130;63;267286387
2;241;130;5;15644922
2;1384;130;6;20028756
2;774;130;9;33228611
2;3;130;180;2050004893
2;1025;130;3;6315206
2;511;130;6;19952002
2;1270;130;7;23701994
2;324;130;13;48365529
2;29;130;44;186318342
2;141;130;6;19946673
2;1426;130;1;910039
2;294;130;14;52139923
2;117;130;25;107528464
2;1006;130;4;11891048
2;44;130;47;193032482
2;102;130;22;92096965
2;45;130;56;245185370
2;1188;130;2;3014877
2;401;130;10;36446903
2;76;130;8;28394465
2;276;130;23;96315461
2;790;130;4;11805649
2;19;130;36;152912141
2;78;130;5;15603206
2;1221;130;3;6325293
2;30;130;70;307306140
2;89;130;29;121811337
2;350;130;8;28420036
2;93;130;30;126300287
2;455;130;4;11742243
2;494;130;5;15654329
2;504;130;4;11743314
2;550;130;5;15664625
2;1185;130;4;11929339
2;58;130;40;169355066
2;572;130;8;28488289
2;591;130;4;11748724
2;972;130;4;11835213
2;1353;130;7;23723557
2;196;130;5;15639378
2;710;130;4;11779481
2;777;130;3;6294980
2;1793;130;4;12023671
2;1087;130;6;19988732
2;830;130;5;15675662
2;1392;130;4;11945889
2;878;130;6;19955233
2;1132;130;4;11902582
2;940;130;3;6304424
2;941;130;5;15700992
2;1000;130;4;11865115
2;1001;130;4;11865258
2;91;130;34;142747825
2;1890;130;6;20093673
2;769;130;4;11800358
2;1026;130;6;19968629
2;1124;130;3;6317104
2;1136;130;2;3014493
2;1174;130;4;11922844
2;691;130;5;15665742
2;948;130;4;11818665
2;1205;130;3;6319172
2;444;130;3;6283685
2;1215;130;5;15712728
2;1308;130;3;6373320
2;405;130;7;23601375
2;1433;130;2;3015449
2;1464;130;5;15721452
2;1497;130;4;11953334
2;1558;130;2;3015844
2;1563;130;5;15730325
2;1736;130;6;20080088
2;1881;130;5;15755535
3;1920;180;5;23408647
3;1872;180;5;23316441
3;1868;180;5;23312000
3;1846;180;6;29660613
3;1841;180;4;18219521
3;1797;180;4;18196170
3;1795;180;5;23289432
3;1772;180;5;23245510
3;1734;180;4;18191067
3;1711;180;4;18176919
3;1664;180;3;12741518
3;1660;180;3;12737426
3;1635;180;4;18138282
3;1595;180;3;12654456
3;1561;180;3;12645174
3;1555;180;5;23217385
3;1537;180;2;5339390
3;1522;180;4;18074637
3;1507;180;8;41677485
3;1963;180;5;23423262
3;1449;180;4;18073004
3;1952;180;4;18231041
3;1438;180;2;5338775
3;1434;180;3;12603669
3;1418;180;5;23046107
3;1402;180;5;22979775
3;1387;180;4;18054756
3;1373;180;4;18037047
3;1371;180;4;18022328
3;1335;180;6;29646593
3;1269;180;7;35808239
3;1262;180;12;66313073
3;1223;180;5;22967169
3;837;180;6;29348076
3;316;180;9;46279827
3;288;180;6;29159581
3;232;180;19;113912091
3;221;180;10;51659321
3;74;180;14;79225921
3;193;180;3;12323105
3;90;180;31;182680817
3;1620;180;2;5349900
3;1363;180;4;18013471
3;78;180;5;22633902
3;41;180;28;167822775
3;1134;180;4;17959780
3;443;180;5;22810745
3;186;180;11;58074135
3;694;180;4;17780143
3;1551;180;3;12623714
3;1294;180;4;18013398
3;9;180;68;543617134
3;67;180;47;284001097
3;1420;180;5;23076972
3;135;180;25;145273730
3;125;180;16;92783470
3;7;180;152;-1483316546
3;18;180;83;842577460
3;213;180;9;46264582
3;340;180;5;22788439
3;95;180;36;201922344
3;36;180;35;200098299
3;163;180;13;72640495
3;6;180;98;963810600
3;35;180;17;97590391
3;1804;180;4;18211958
3;1547;180;4;18087257
3;5;180;170;-1265882088
3;17;180;95;940764859
3;398;180;16;93220033
3;652;180;6;29320153
3;1289;180;6;29643004
3;4;180;102;998793919
3;131;180;25;145097134
3;120;180;39;233141717
3;1910;180;6;29817322
3;882;180;4;17883684
3;516;180;4;17740123
3;14;180;55;358203794
3;329;180;13;73060677
3;72;180;14;78846258
3;1404;180;4;18066908
3;119;180;27;162518584
3;890;180;4;17917948
3;207;180;6;29108858
3;201;180;14;79412370
3;715;180;4;17812479
3;30;180;70;570545672
3;151;180;4;17688507
3;665;180;4;17778978
3;1173;180;9;46426111
3;1600;180;3;12654600
3;58;180;40;239818375
3;20;180;68;558378246
3;8;180;63;493690137
3;1036;180;5;22950186
3;589;180;3;12464616
3;22;180;74;716182896
3;25;180;16;92449744
3;26;180;83;847931868
3;87;180;27;161481826
3;598;180;4;17773812
3;341;180;6;29179946
3;81;180;26;152931749
3;595;180;4;17764713
3;976;180;6;29454881
3;28;180;40;239418555
3;1120;180;4;17941323
3;45;180;56;373764919
3;553;180;7;35658538
3;107;180;30;178696231
3;615;180;6;29208445
3;48;180;64;498497120
3;56;180;43;256558620
3;248;180;14;79862129
3;756;180;10;51896512
3;1040;180;7;35777470
3;12;180;124;1683113940
3;1285;180;3;12581313
3;1028;180;6;29513891
3;71;180;9;46251444
3;82;180;20;117364209
3;339;180;12;65861077
3;355;180;7;35657583
3;360;180;8;41634784
3;370;180;10;51786268
3;648;180;6;29266851
3;653;180;10;51841857
3;396;180;4;17724202
3;404;180;13;73096611
3;423;180;9;46320900
3;1606;180;3;12709749
3;578;180;5;22876651
3;477;180;4;17733094
3;490;180;11;58086601
3;1769;180;5;23234626
3;998;180;6;29482826
3;1521;180;8;41709567
3;493;180;3;12458605
3;1531;180;5;23182479
3;503;180;18;107515482
3;1011;180;7;35770100
3;554;180;29;171135501
3;1062;180;5;22958161
3;104;180;16;92771285
3;618;180;6;29212272
3;623;180;20;117812090
3;428;180;13;73132836
3;685;180;3;12479766
3;695;180;4;17811831
3;451;180;5;22851780
3;708;180;2;5306234
3;1219;180;3;12569466
3;962;180;4;17937308
3;714;180;2;5328329
3;1504;180;5;23118939
3;733;180;5;22919224
3;730;180;3;12501080
3;987;180;2;5335101
3;245;180;8;41609935
3;759;180;4;17834162
3;886;180;3;12526045
3;817;180;7;35755111
3;1379;180;4;18042251
3;94;180;33;189088257
3;351;180;12;66074761
3;865;180;5;22926853
3;1679;180;4;18144615
3;394;180;6;29192048
3;908;180;3;12526618
3;1198;180;4;18005385
3;941;180;5;22942339
3;697;180;2;5302272
3;954;180;6;29424542
3;272;180;4;17696258
3;1043;180;6;29517128
3;1108;180;3;12541575
4;1935;102;4;6901679
4;1598;102;4;6887463
4;1584;102;4;6877722
4;1472;102;6;14775220
4;1371;102;4;6870776
4;1368;102;4;6865434
4;1228;102;4;6857999
4;1205;102;3;3943561
4;1196;102;6;14774652
4;1191;102;5;11345266
4;1667;102;3;3954376
4;1286;102;5;11395993
4;1159;102;3;3940022
4;1147;102;3;3936047
4;1648;102;5;11457296
4;1140;102;7;17618046
4;1075;102;5;11313136
4;1053;102;2;1956295
4;1007;102;4;6837835
4;996;102;5;11229088
4;991;102;4;6827329
4;961;102;4;6821755
4;956;102;4;6814522
4;1823;102;4;6898826
4;934;102;3;3927915
4;929;102;3;3924739
4;721;102;4;6792497
4;125;102;16;46478341
4;134;102;16;46687423
4;7;102;152;854014486
4;597;102;4;6769473
4;115;102;30;97592057
4;109;102;19;56726068
4;1030;102;4;6844931
4;522;102;6;14587503
4;43;102;23;73342784
4;68;102;38;124586696
4;1361;102;2;1973987
4;599;102;4;6781465
4;39;102;41;134776101
4;145;102;15;43755187
4;354;102;7;17615626
4;249;102;16;46771263
4;1231;102;7;17621640
4;88;102;16;46432171
4;110;102;20;60764906
4;237;102;23;73361700
4;1158;102;3;3937957
4;650;102;4;6792480
4;696;102;12;34840792
4;61;102;27;88999230
4;1422;102;4;6871448
4;533;102;3;3914604
4;1060;102;3;3933844
4;298;102;7;17586096
4;5;102;170;953427593
4;6;102;98;370871673
4;360;102;8;20423354
4;20;102;68;232571180
4;1042;102;4;6854169
4;915;102;6;14742110
4;153;102;16;46739336
4;1659;102;5;11465108
4;1278;102;3;3946076
4;8;102;63;200588916
4;1027;102;6;14769725
4;265;102;4;6730618
4;11;102;111;487150151
4;41;102;28;91814797
4;150;102;13;37080166
4;277;102;4;6733350
4;690;102;11;30633211
4;12;102;124;669092653
4;248;102;14;41156295
4;543;102;6;14657925
4;36;102;35;116839471
4;331;102;13;37136995
4;390;102;9;25151190
4;214;102;14;40961761
4;852;102;5;11188345
4;217;102;22;69461187
4;698;102;6;14662221
4;571;102;5;11079391
4;246;102;10;27616680
4;320;102;6;14527515
4;1767;102;5;11520403
4;497;102;10;27682384
4;408;102;5;11013849
4;50;102;14;40876827
4;431;102;9;25152877
4;510;102;5;11073188
4;1029;102;9;25475535
4;140;102;36;119998854
4;13;102;88;299111142
4;521;102;3;3910595
4;382;102;13;37247484
4;636;102;5;11131399
4;673;102;9;25347686
5;1998;170;5;21723505
5;1989;170;5;21690747
5;1959;170;5;21623356
5;1947;170;5;21569060
5;1874;170;5;21529623
5;1835;170;6;28031904
5;1822;170;4;16836609
5;1768;170;4;16759719
5;1739;170;6;27950611
5;1672;170;3;11503340
5;1666;170;6;27931204
5;1602;170;4;16746856
5;1530;170;4;16741141
5;1483;170;3;11431874
5;1456;170;4;16680303
5;1441;170;4;16642269
5;1424;170;1;1446186
5;1381;170;3;11426594
5;1377;170;5;21444586
5;1306;170;5;21372030
5;1290;170;3;11409481
5;1274;170;2;4807906
5;1499;170;3;11432949
5;1242;170;5;21345771
5;366;170;5;21095160
5;1905;170;4;16861399
5;363;170;20;111233611
5;338;170;4;16440464
5;326;170;7;34046544
5;1862;170;4;16839986
5;834;170;4;16521920
5;273;170;15;80943550
5;19;170;36;195023252
5;1975;170;5;21636440
5;947;170;9;44142515
5;253;170;7;33988140
5;234;170;10;48574526
5;231;170;19;106852024
5;230;170;4;16407599
5;611;170;7;34176299
5;1763;170;5;21467633
5;992;170;6;27820959
5;221;170;10;48528425
5;1978;170;5;21660692
5;436;170;12;60849278
5;169;170;5;21070154
5;28;170;40;211660453
5;164;170;15;80855716
5;545;170;4;16465873
5;926;170;4;16531294
5;86;170;4;16392417
5;1743;170;5;21464191
5;1229;170;4;16633094
5;142;170;19;106248711
5;282;170;19;107146276
5;25;170;16;85186213
5;141;170;6;27556655
5;907;170;2;4802230
5;158;170;19;106291532
5;1582;170;3;11453843
5;40;170;36;197117446
5;18;170;83;755950569
5;275;170;13;67044205
5;869;170;6;27785890
5;98;170;15;80452600
5;8;170;63;427037915
5;301;170;11;55144000
5;555;170;14;75168266
5;6;170;98;862995276
5;93;170;30;168276522
5;1020;170;3;11258366
5;891;170;7;34245732
5;1018;170;3;11238318
5;382;170;13;67500996
5;128;170;25;136626731
5;1829;170;5;21483264
5;30;170;70;525133797
5;154;170;26;144093447
5;411;170;11;55148452
5;118;170;24;129730761
5;626;170;8;37869411
5;635;170;5;21192663
5;324;170;13;67185490
5;70;170;25;135468518
5;1993;170;5;21696123
5;451;170;5;21115203
5;832;170;5;21227753
5;29;170;44;247527138
5;1490;170;5;21453187
5;205;170;21;117293564
5;192;170;5;21077986
5;331;170;13;67341553
5;74;170;14;74568382
5;1296;170;5;21370917
5;11;170;111;1068684345
5;900;170;3;11205321
5;10;170;83;728356102
5;250;170;7;33945692
5;73;170;27;149821789
5;420;170;5;21105825
5;185;170;9;43759778
5;442;170;10;48697716
5;312;170;3;11011979
5;569;170;5;21157601
5;1215;170;5;21330074
5;444;170;3;11018344
5;952;170;8;38088488
5;1476;170;4;16726902
5;962;170;4;16593911
5;448;170;4;16464199
5;182;170;19;106343354
5;1210;170;3;11387118
5;1221;170;3;11391374
5;450;170;10;48791010
5;464;170;5;21133195
5;591;170;4;16489885
5;473;170;11;55163657
5;476;170;5;21156962
5;603;170;8;37867284
5;213;170;9;44095338
5;470;170;6;27640583
5;727;170;8;37876507
5;984;170;4;16601370
5;1765;170;6;28015826
5;480;170;14;74895286
5;482;170;14;75078803
5;609;170;4;16505817
5;513;170;7;34142685
5;570;170;4;16475976
5;974;170;5;21257229
5;596;170;5;21165551
5;1680;170;4;16755224
5;652;170;6;27712784
5;1417;170;4;16640896
5;1160;170;3;11329625
5;401;170;10;48656034
5;915;170;6;27813514
5;1976;170;5;21659653
5;1462;170;4;16713807
5;691;170;5;21216080
5;7;170;152;-1550819698
5;778;170;3;11183566
5;1159;170;3;11329160
5;798;170;6;27776106
5;806;170;4;16508978
5;872;170;5;21232482
5;1444;170;4;16675528
5;930;170;4;16537289
5;937;170;8;37997497
5;240;170;14;74827441
5;1011;170;7;34298184
5;45;170;56;350525597
5;1073;170;3;11303449
5;1075;170;5;21325363
5;52;170;44;250118642
5;1080;170;4;16610512
5;1082;170;2;4805462
5;1364;170;3;11412839
5;79;170;15;80133480
5;593;170;8;37862951
5;1107;170;6;27888225
5;1234;170;6;27898587
5;1132;170;4;16625046
5;661;170;5;21202365
5;1175;170;4;16627594
6;1966;98;5;9639035
6;1745;98;4;6503881
6;1686;98;4;6502022
6;1896;98;4;6538560
6;1642;98;2;1871599
6;1607;98;11;29042899
6;1446;98;3;3663288
6;1439;98;4;6497468
6;1385;98;6;13629801
6;1355;98;4;6473990
6;1315;98;4;6469358
6;1302;98;5;9629888
6;1298;98;4;6467558
6;1764;98;5;9633977
6;1256;98;4;6462592
6;1238;98;4;6459200
6;1165;98;4;6451782
6;1282;98;3;3654270
6;1155;98;3;3652665
6;1088;98;5;9584642
6;1069;98;6;13612207
6;1067;98;5;9573921
6;1625;98;5;9630204
6;1117;98;6;13626990
6;990;98;4;6442289
6;949;98;9;22289728
6;1805;98;5;9634118
6;916;98;4;6434819
6;147;98;20;57071956
6;29;98;44;140104523
6;88;98;16;44690369
6;111;98;35;115165021
6;52;98;44;140306630
6;583;98;6;13589936
6;107;98;30;93986243
6;1212;98;6;13629082
6;69;98;25;77171557
6;10;98;83;265581993
6;246;98;10;26452568
6;124;98;15;42440038
6;183;98;24;73416112
6;66;98;19;54306541
6;855;98;3;3648568
6;93;98;30;93669591
6;64;98;19;54064077
6;123;98;19;54590017
6;13;98;88;290766208
6;594;98;7;17134002
6;90;98;31;97163113
6;638;98;4;6406606
6;1905;98;4;6543837
6;59;98;51;163908117
6;14;98;55;178648684
6;486;98;4;6401692
6;9;98;68;205475504
6;1293;98;5;9613126
6;658;98;4;6409696
6;23;98;42;133843329
6;731;98;3;3647504
6;36;98;35;114807721
6;1632;98;4;6499476
6;108;98;21;61553422
6;1799;98;4;6529743
6;21;98;42;133039830
6;1804;98;4;6532364
6;788;98;5;9512332
6;189;98;15;42481796
6;244;98;27;83805877
6;99;98;31;97529698
6;480;98;14;39807699
6;539;98;10;26722255
6;322;98;5;9496007
6;1621;98;6;13633344
6;351;98;12;33370957
6;630;98;9;22274512
6;249;98;16;45066722
6;376;98;10;26503703
6;389;98;10;26562205
6;905;98;10;26794008
6;397;98;19;54952768
6;411;98;11;28985827
6;960;98;4;6442072
6;706;98;4;6411709
6;424;98;26;79945003
6;265;98;4;6379593
6;519;98;4;6404057
6;585;98;16;45098146
6;669;98;4;6411544
6;563;98;3;3638968
6;690;98;11;29041208
6;851;98;5;9518946
6;343;98;8;20219961
6;724;98;4;6414924
7;1982;152;5;19577177
7;1962;152;4;14398455
7;1859;152;3;8865938
7;1831;152;4;14371954
7;1790;152;3;8862355
7;1762;152;6;24860031
7;1749;152;6;24851965
7;1748;152;3;8859309
7;1736;152;6;24829950
7;1709;152;3;8854917
7;1633;152;4;14295640
7;1889;152;5;19529190
7;1632;152;4;14277079
7;1624;152;3;8845861
7;402;152;20;97581486
7;398;152;16;76177449
7;383;152;10;43681350
7;1287;152;5;19402960
7;370;152;10;43466359
7;624;152;4;14047809
7;346;152;7;28855456
7;854;152;3;8661489
7;1622;152;5;19529124
7;1108;152;3;8722228
7;331;152;13;57545337
7;286;152;12;52795738
7;159;152;17;81980874
7;17;152;95;840164386
7;1302;152;5;19426366
7;274;152;3;8573733
7;244;152;27;132112630
7;752;152;4;14058911
7;185;152;9;38785309
7;119;152;27;130818250
7;111;152;35;174641885
7;365;152;5;19067281
7;23;152;42;200155298
7;132;152;13;57127931
7;14;152;55;277439847
7;1328;152;5;19444010
7;43;152;23;115848401
7;932;152;6;24155304
7;1811;152;4;14342326
7;12;152;124;1037583978
7;1409;152;5;19490965
7;11;152;111;867843102
7;40;152;36;181060995
7;421;152;9;38948468
7;369;152;5;19105475
7;15;152;74;486576637
7;120;152;39;187732716
7;195;152;10;43216770
7;839;152;5;19342121
7;68;152;38;186986265
7;18;152;83;608776177
7;123;152;19;93354839
7;649;152;3;8639177
7;135;152;25;122777058
7;262;152;21;101617922
7;770;152;6;23990291
7;1980;152;5;19572776
7;181;152;21;101370069
7;1853;152;6;24886020
7;54;152;15;69612076
7;63;152;31;155158243
7;893;152;4;14082450
7;1401;152;4;14244207
7;24;152;31;154675609
7;1423;152;3;8765827
7;1570;152;4;14262527
7;28;152;40;192849206
7;149;152;18;85711985
7;663;152;11;47771333
7;1425;152;7;28922981
7;1324;152;5;19427420
7;553;152;7;28888636
7;1799;152;4;14316399
7;316;152;9;38871919
7;59;152;51;258024071
7;125;152;16;75884337
7;1268;152;3;8738524
7;66;152;19;93239353
7;1551;152;3;8820410
7;9;152;68;406646280
7;644;152;12;52856904
7;79;152;15;70388799
7;1893;152;5;19557779
7;94;152;33;164119683
7;100;152;27;130575601
7;441;152;14;65298748
7;1587;152;4;14270275
7;45;152;56;288048657
7;1330;152;8;34604721
7;466;152;7;28868845
7;488;152;16;76316426
7;92;152;11;47530830
7;1377;152;5;19463273
7;489;152;15;71125459
7;616;152;6;23897530
7;499;152;4;14040970
7;503;152;18;86918115
7;1546;152;2;3901166
7;518;152;4;14043502
7;645;152;3;8631810
7;563;152;3;8623899
7;176;152;13;57433482
7;690;152;11;47775942
7;572;152;8;34472088
7;953;152;3;8677479
7;1207;152;4;14144831
7;590;152;4;14044876
7;611;152;7;28912977
7;375;152;11;47702315
7;632;152;3;8625061
7;1165;152;4;14140645
7;651;152;5;19158056
7;686;152;5;19247878
7;761;152;4;14064107
7;888;152;3;8664886
7;1142;152;4;14115809
7;1569;152;4;14258852
7;798;152;6;24041491
7;292;152;14;65211039
7;35;152;17;81799406
7;806;152;4;14069004
7;867;152;5;19372563
7;104;152;16;75789496
7;875;152;8;34587885
7;967;152;3;8698080
7;998;152;6;24245467
7;1099;152;4;14102869
7;1100;152;3;8718420
7;1920;152;5;19569825
7;121;152;14;65177960
7;1149;152;5;19385898
7;1176;152;5;19402133
7;1217;152;9;39547039
7;458;152;5;19108328
7;1229;152;4;14157858
7;1239;152;4;14163502
7;1249;152;4;14194128
7;26;152;83;629452649
7;1311;152;4;14215306
7;1369;152;4;14224935
7;1372;152;4;14225309
7;660;152;16;76362186
7;1431;152;3;8793227
8;1978;63;5;4175922
8;1935;63;4;2895449
8;1850;63;4;2892806
8;10;63;83;171642573
8;1190;63;4;2872467
8;267;63;5;4121884
8;31;63;70;142547085
8;85;63;58;119841287
8;190;63;12;18984101
8;367;63;4;2840376
8;898;63;5;4160260
8;142;63;19;34316205
8;105;63;3;1753588
8;41;63;28;51178058
8;336;63;3;1758855
8;150;63;13;20487031
8;121;63;14;22137237
8;292;63;14;22223866
8;86;63;4;2805323
8;57;63;33;62205672
8;1831;63;4;2892296
8;942;63;4;2867259
8;206;63;14;22198775
8;1065;63;4;2868406
8;303;63;4;2832259
8;1072;63;4;2870383
8;310;63;5;4139015
8;20;63;68;138401228
8;1538;63;4;2880275
8;33;63;74;151795293
8;859;63;3;1763899
8;918;63;4;2863379
8;1213;63;3;1769712
8;259;63;4;2824404
8;1380;63;4;2878989
8;403;63;4;2846003
8;1583;63;4;2884964
8;143;63;30;55542375
8;524;63;6;6002941
8;225;63;4;2816927
8;606;63;4;2851253
8;724;63;4;2856233
8;634;63;8;10947747
8;689;63;12;19003555
8;924;63;4;2866339
8;203;63;5;4119628
8;965;63;8;10955544
8;1201;63;10;15399392
8;1693;63;5;4162117
8;42;63;8;10828966
8;1312;63;4;2874744
8;1725;63;3;1771594
8;1348;63;2;878744
8;314;63;10;15364989
8;1584;63;4;2891250
8;1363;63;4;2876742
8;305;63;7;8098440
8;1829;63;5;4175518
9;1986;68;5;4836719
9;1699;68;2;999820
9;1687;68;4;3210870
9;1612;68;2;998346
9;445;68;4;3170663
9;386;68;4;3159126
9;1402;68;5;4811083
9;1923;68;5;4836019
9;272;68;4;3146631
9;629;68;10;16507156
9;167;68;14;26013648
9;109;68;19;36230367
9;463;68;3;1941830
9;1744;68;4;3213514
9;220;68;24;46763406
9;75;68;21;40957068
9;354;68;7;9327375
9;361;68;4;3159078
9;1600;68;3;1986273
9;452;68;14;26060465
9;71;68;9;14440283
9;62;68;14;26003376
9;261;68;16;29876008
9;851;68;5;4801810
9;439;68;5;4785237
9;123;68;19;36367491
9;78;68;5;4766010
9;1494;68;3;1976549
9;20;68;68;150079758
9;433;68;6;6735065
9;176;68;13;22352614
9;1808;68;4;3216462
9;157;68;4;3140306
9;538;68;9;14644781
9;30;68;70;156396097
9;974;68;5;4802946
9;31;68;70;156836375
9;44;68;47;103603567
9;516;68;4;3182617
9;15;68;74;164582386
9;396;68;4;3161569
9;1185;68;4;3202612
9;423;68;9;14578026
9;447;68;7;9328625
9;1477;68;4;3205976
9;1096;68;4;3193881
9;117;68;25;48452826
9;879;68;9;14721312
9;1528;68;5;4813670
9;763;68;5;4794789
9;764;68;4;3190256
9;864;68;6;6811504
9;525;68;6;6750262
9;906;68;4;3193324
9;1011;68;7;9348750
9;26;68;83;182992207
9;1169;68;4;3193938
9;1972;68;4;3223931
9;1718;68;5;4828264
9;1591;68;5;4820785
9;340;68;5;4781676
9;213;68;9;14499626
9;1610;68;3;1988182
10;1819;83;4;4619671
10;1685;83;4;4611062
10;1644;83;4;4607580
10;1641;83;6;10792424
10;1797;83;4;4618260
10;1543;83;5;7188113
10;1481;83;8;15932540
10;1469;83;4;4597234
10;1991;83;6;10811768
10;1356;83;3;2785336
10;1350;83;3;2785192
10;1330;83;8;15891157
10;1254;83;5;7148363
10;1236;83;4;4560022
10;1189;83;3;2780990
10;317;83;11;25036334
10;306;83;13;29065434
10;1518;83;4;4602023
10;248;83;14;32724213
10;602;83;4;4492616
10;310;83;5;6963663
10;223;83;21;50334939
10;181;83;21;50257929
10;155;83;27;69039587
10;546;83;4;4485787
10;38;83;33;87151048
10;271;83;7;13472041
10;1789;83;5;7235387
10;138;83;18;43088553
10;905;83;10;20831752
10;1276;83;4;4567467
10;1301;83;4;4579223
10;539;83;10;20770504
10;99;83;31;81764721
10;14;83;55;147825582
10;772;83;10;20807101
10;1067;83;5;7131914
10;106;83;39;107393604
10;48;83;64;173267506
10;62;83;14;32615729
10;1246;83;3;2782078
10;357;83;9;18856579
10;1345;83;4;4585293
10;75;83;21;49660927
10;109;83;19;45245169
10;363;83;20;47206417
10;481;83;4;4485035
10;540;83;13;29080383
10;1297;83;4;4573428
10;408;83;5;7013877
10;449;83;14;33025608
10;1987;83;5;7321158
10;1098;83;6;10615825
10;214;83;14;32702280
10;722;83;4;4502693
10;87;83;27;68994807
10;468;83;11;25051271
10;352;83;14;32915902
10;479;83;4;4476908
10;515;83;6;10587781
10;157;83;4;4435291
10;1046;83;7;13523448
10;1724;83;5;7220587
10;1089;83;3;2774929
10;1148;83;2;1399971
10;67;83;47;126639098
10;702;83;3;2758435
10;739;83;3;2759046
10;797;83;3;2766662
10;558;83;4;4491004
10;812;83;3;2771593
10;898;83;5;7091919
10;156;83;17;40506945
10;410;83;4;4471980
10;918;83;4;4527285
10;954;83;6;10605042
10;1113;83;5;7137461
10;1139;83;4;4551782
11;1945;111;5;13012057
11;1943;111;5;13005321
11;1917;111;4;8448841
11;1913;111;4;8448750
11;1836;111;4;8357356
11;1887;111;4;8388068
11;1760;111;2;2355469
11;1535;111;3;4663478
11;1460;111;5;12965518
11;1372;111;4;8301949
11;1326;111;3;4657651
11;1223;111;5;12939437
11;1194;111;4;8271803
11;1180;111;2;2343507
11;1084;111;3;4648562
11;1068;111;8;22521720
11;1047;111;2;2332372
11;1675;111;1;691489
11;1040;111;7;19932304
11;1015;111;7;19879467
11;977;111;2;2327543
11;887;111;4;8257092
11;1897;111;4;8446857
11;881;111;4;8249714
11;1368;111;4;8299006
11;860;111;4;8219716
11;832;111;5;12934557
11;808;111;5;12922521
11;1400;111;4;8315646
11;765;111;6;16174843
11;1894;111;2;2356957
11;751;111;10;30246859
11;749;111;12;37801159
11;678;111;2;2319929
11;660;111;16;51490658
11;1914;111;5;12977772
11;644;111;12;37793269
11;1890;111;6;16253171
11;112;111;11;34672825
11;378;111;6;16063393
11;163;111;13;41809608
11;1288;111;3;4657092
11;399;111;4;8169635
11;17;111;95;411163480
11;194;111;7;19719663
11;107;111;30;109081540
11;49;111;22;76885821
11;35;111;17;55224772
11;76;111;8;22371368
11;330;111;10;30154495
11;1912;111;5;12968461
11;1928;111;3;4664873
11;150;111;13;41794155
11;91;111;34;122698969
11;209;111;20;68006779
11;504;111;4;8203903
11;536;111;4;8204845
11;177;111;5;12879380
11;128;111;25;89185834
11;1263;111;6;16191156
11;1009;111;7;19803165
11;120;111;39;140553411
11;594;111;7;19781548
11;147;111;20;67874326
11;29;111;44;163305801
11;13;111;88;354704155
11;308;111;19;65003482
11;1169;111;4;8262956
11;26;111;83;340137079
11;16;111;49;178976951
11;174;111;7;19707813
11;87;111;27;96784480
11;19;111;36;127959680
11;1984;111;4;8463884
11;79;111;15;47348437
11;21;111;42;151452003
11;22;111;74;271746723
11;59;111;51;183469520
11;186;111;11;34713575
11;954;111;6;16185477
11;192;111;5;12898762
11;204;111;24;84077218
11;208;111;9;27436444
11;1871;111;5;12967007
11;220;111;24;84183992
11;355;111;7;19749498
11;228;111;5;12908552
11;287;111;17;55290417
11;231;111;19;64729401
11;318;111;21;72281300
11;1607;111;11;34817914
11;1480;111;4;8333354
11;83;111;9;27434928
11;337;111;4;8163683
11;738;111;3;4647245
11;357;111;9;27475985
11;372;111;22;77034823
11;1657;111;6;16191185
11;641;111;7;19784255
11;387;111;4;8168073
11;1411;111;5;12946744
11;395;111;12;37779655
11;453;111;5;12908989
11;613;111;6;16100115
11;486;111;4;8201733
11;586;111;5;12915654
12;1898;124;2;2757384
12;1759;124;5;15110099
12;1691;124;4;10375377
12;1767;124;5;15111712
12;1640;124;4;10332545
12;1565;124;4;10275305
12;1536;124;3;5896551
12;1496;124;4;10253169
12;1609;124;4;10292034
12;1482;124;4;10241910
12;1469;124;4;10232334
12;1845;124;4;10420293
12;1464;124;5;15064301
12;1642;124;2;2748264
12;1388;124;6;18796281
12;1346;124;2;2737950
12;1339;124;5;15056418
12;1312;124;4;10134948
12;1255;124;4;10071502
12;1201;124;10;35360381
12;1111;124;8;27209173
12;1094;124;8;27192223
12;1067;124;5;14983416
12;1029;124;9;30398640
12;1384;124;6;18763974
12;1003;124;5;14967251
12;993;124;3;5849883
12;866;124;10;35323630
12;738;124;3;5793116
12;1613;124;4;10328271
12;978;124;4;10042898
12;724;124;4;9968515
12;722;124;4;9967800
12;659;124;4;9935692
12;579;124;3;5779945
12;538;124;9;30394822
12;481;124;4;9902553
12;1456;124;4;10197748
12;821;124;4;9981487
12;440;124;3;5737763
12;438;124;8;27097333
12;68;124;38;155710232
12;54;124;15;53718314
12;671;124;3;5783621
12;290;124;4;9850880
12;1831;124;4;10392048
12;53;124;35;142098628
12;1573;124;3;5901755
12;49;124;22;85351604
12;96;124;18;68011322
12;64;124;19;73701568
12;1107;124;6;18690609
12;853;124;3;5840263
12;91;124;34;135243211
12;298;124;7;21882992
12;74;124;14;49396142
12;15;124;74;318443337
12;369;124;5;14911976
12;16;124;49;192092113
12;429;124;24;96205409
12;1017;124;4;10049192
12;1411;124;5;15057492
12;14;124;55;212830896
12;1301;124;4;10088146
12;31;124;70;291404314
12;134;124;16;58746440
12;33;124;74;337516925
12;1795;124;5;15128983
12;1287;124;5;15019836
12;906;124;4;10035453
12;17;124;95;517938384
12;21;124;42;169927387
12;1546;124;2;2748141
12;1038;124;4;10049200
12;22;124;74;330107398
12;81;124;26;104583828
12;376;124;10;35149058
12;1957;124;5;15210559
12;52;124;44;179945040
12;23;124;42;170951114
12;708;124;2;2724560
12;200;124;18;68197294
12;125;124;16;58571121
12;379;124;7;21926688
12;182;124;19;73748698
12;55;124;62;254854040
12;26;124;83;401532005
12;1399;124;4;10167068
12;510;124;5;14928176
12;129;124;22;85408309
12;1528;124;5;15081622
12;893;124;4;10000893
12;131;124;25;97890639
12;444;124;3;5740586
12;63;124;31;124022101
12;317;124;11;38726347
12;190;124;12;42865680
12;146;124;13;46111962
12;662;124;4;9948997
12;154;124;26;105671979
12;1051;124;6;18671453
12;35;124;17;64527693
12;162;124;11;38284246
12;37;124;30;120229653
12;164;124;15;53843157
12;1308;124;3;5869140
12;165;124;27;110084322
12;283;124;15;53904634
12;207;124;6;18520470
12;84;124;16;58539475
12;211;124;21;82719995
12;244;124;27;110254173
12;32;124;71;291995404
12;286;124;12;42927640
12;319;124;4;9851171
12;337;124;4;9865060
12;373;124;4;9886227
12;646;124;5;14949921
12;392;124;4;9891129
29;1863;44;4;1581809
29;1572;44;6;3075344
29;1542;44;4;1571610
29;1501;44;6;3071146
29;1350;44;3;930081
29;1325;44;5;2263607
29;1283;44;5;2263592
29;1212;44;6;3058471
29;1057;44;4;1566004
29;552;44;8;5078180
29;459;44;14;14852712
29;1301;44;4;1569925
29;62;44;14;14812616
29;1916;44;5;2301500
29;1739;44;6;3083783
29;146;44;13;13215918
29;115;44;30;37004095
29;82;44;20;22059329
29;613;44;6;3046702
29;141;44;6;3021067
29;1877;44;5;2297238
29;402;44;20;22093909
29;129;44;22;26164130
29;110;44;20;22088232
29;673;44;9;6586195
29;213;44;9;6562882
29;358;44;5;2207492
29;246;44;10;7856709
29;1457;44;5;2274754
29;1044;44;4;1565431
29;454;44;5;2218462
29;570;44;4;1549907
29;802;44;5;2243579
29;485;44;13;13226158
29;33;44;74;107875960
29;1036;44;5;2245247
29;491;44;2;433764
29;531;44;4;1543741
29;635;44;5;2232865
30;1921;70;4;3455708
30;1904;70;5;5032277
30;1885;70;3;2101621
30;1837;70;4;3455106
30;1716;70;5;5023419
30;1668;70;2;1037489
30;1628;70;3;2092951
30;157;70;4;3319036
30;387;70;4;3327999
30;308;70;19;37632053
30;278;70;6;7343207
30;252;70;21;42546736
30;783;70;11;19690481
30;1373;70;4;3408474
30;224;70;21;42530386
30;217;70;22;44229847
30;255;70;12;20974913
30;382;70;13;23580587
30;561;70;4;3351555
30;123;70;19;37312988
30;182;70;19;37467232
30;321;70;3;2041721
30;439;70;5;4993951
30;793;70;3;2062932
30;1399;70;4;3408713
30;1241;70;4;3401629
30;80;70;48;110375915
30;198;70;16;30593339
30;1863;70;4;3455703
30;1609;70;4;3426982
30;847;70;8;13115461
30;1024;70;4;3377100
30;257;70;11;19679136
30;32;70;71;163457551
30;82;70;20;40214549
30;672;70;6;7402184
30;153;70;16;30546390
30;268;70;20;40240670
30;141;70;6;7333193
30;395;70;12;20988360
30;749;70;12;21036679
30;458;70;5;4996433
30;393;70;5;4973698
30;266;70;18;35618006
30;520;70;5;5000982
30;160;70;6;7339955
30;541;70;17;34154487
30;558;70;4;3351282
30;707;70;4;3352967
30;1179;70;5;5022242
30;744;70;3;2059389
30;762;70;2;1018870
30;782;70;4;3362580
30;1585;70;4;3425694
30;1077;70;4;3381277
30;837;70;6;7409749
30;840;70;5;5004890
30;1312;70;4;3402629
30;902;70;5;5009254
30;1115;70;7;9601899
30;1177;70;5;5018576
30;1188;70;2;1025724
30;216;70;13;23478047
30;1232;70;4;3400168
30;1259;70;6;7437193
31;1912;70;5;5038987
31;1886;70;5;5027164
31;1793;70;4;3439717
31;1770;70;3;2093982
31;1762;70;6;7438983
31;1554;70;3;2087920
31;1504;70;5;5023282
31;234;70;10;17248705
31;347;70;11;19684710
31;324;70;13;23529838
31;88;70;16;30528143
31;1268;70;3;2079888
31;311;70;6;7351651
31;239;70;14;26422578
31;357;70;9;15370158
31;214;70;14;26412327
31;140;70;36;79229709
31;275;70;13;23505718
31;39;70;41;92390516
31;110;70;20;40238149
31;1012;70;3;2075735
31;1813;70;4;3442467
31;35;70;17;33682993
31;920;70;4;3372356
31;380;70;11;19689403
31;1990;70;4;3460849
31;85;70;58;129200530
31;1383;70;3;2083890
31;90;70;31;66361383
31;159;70;17;33915109
31;32;70;71;163582466
31;78;70;5;4945912
31;786;70;3;2061806
31;233;70;4;3321560
31;89;70;29;60569163
31;679;70;4;3352851
31;352;70;14;26483561
31;479;70;4;3341721
31;537;70;4;3346118
31;415;70;6;7387648
31;1304;70;3;2080391
31;542;70;4;3351229
31;465;70;8;13099989
31;719;70;3;2059316
31;1967;70;5;5040507
31;697;70;2;1016161
31;199;70;9;15324783
31;707;70;4;3358483
31;1491;70;4;3419628
31;1364;70;3;2082901
31;729;70;10;17332719
31;711;70;10;17301119
31;965;70;8;13125126
31;386;70;4;3325073
31;767;70;12;21045535
31;879;70;9;15388428
31;480;70;14;26653011
31;1115;70;7;9611015
31;440;70;3;2046072
31;1075;70;5;5017193
31;1098;70;6;7411166
31;1367;70;3;2083565
31;315;70;3;2041465
31;1204;70;4;3392824
31;1458;70;4;3410010
32;1951;71;5;5227963
32;1836;71;4;3506194
32;1712;71;4;3505606
32;1696;71;5;5226478
32;1628;71;3;2115557
32;1626;71;4;3504593
32;1598;71;4;3504462
32;519;71;4;3489604
32;510;71;5;5182516
32;1998;71;5;5236912
32;474;71;8;13151447
32;120;71;39;89019851
32;814;71;5;5193595
32;433;71;6;7485319
32;1200;71;7;10423449
32;1670;71;5;5223206
32;146;71;13;25626898
32;1258;71;5;5205897
32;454;71;5;5177274
32;280;71;11;20131805
32;272;71;4;3489296
32;1666;71;6;7519983
32;269;71;16;30897328
32;421;71;9;15419047
32;480;71;14;27347726
32;334;71;4;3489375
32;160;71;6;7484287
32;468;71;11;20150920
32;382;71;13;25628310
32;763;71;5;5193570
32;51;71;55;127275328
32;620;71;3;2103812
32;50;71;14;27335844
32;1112;71;3;2106278
32;267;71;5;5167894
32;1211;71;4;3500582
32;1329;71;3;2115046
32;43;71;23;46886323
32;72;71;14;27342454
32;603;71;8;13152383
32;662;71;4;3497397
32;1134;71;4;3499253
32;314;71;10;17414095
32;60;71;41;93360320
32;568;71;4;3493007
32;689;71;12;21726079
32;1984;71;4;3506435
32;1603;71;6;7499793
32;1222;71;7;10426358
32;841;71;3;2105285
32;967;71;3;2105369
32;978;71;4;3497942
32;1013;71;10;17414562
32;1087;71;6;7495181
32;1150;71;3;2107851
32;1287;71;5;5206687
32;1293;71;5;5216847
32;1295;71;4;3503504
32;1375;71;7;10459561
32;1220;71;8;13157703
32;1474;71;6;7497574
32;1528;71;5;5220607
32;151;71;4;3477258
32;1294;71;4;3501459
32;1548;71;7;10493075
32;1591;71;5;5222762
33;1988;74;5;5716905
33;1901;74;5;5693337
33;1839;74;4;3784300
33;1632;74;4;3760588
33;1603;74;6;8341635
33;1811;74;4;3775461
33;1557;74;4;3752936
33;1457;74;5;5625175
33;351;74;12;22410236
33;310;74;5;5438311
33;307;74;11;20331913
33;243;74;31;71641443
33;302;74;9;16051452
33;353;74;5;5440335
33;1703;74;5;5638021
33;179;74;9;16048086
33;238;74;5;5427420
33;172;74;16;33529382
33;168;74;9;16039296
33;1908;74;5;5710807
33;384;74;17;35489306
33;443;74;5;5462234
33;1033;74;5;5578300
33;65;74;16;33450351
33;773;74;5;5534906
33;1617;74;3;2351007
33;1363;74;4;3742937
33;530;74;10;18401670
33;403;74;4;3677660
33;55;74;62;148738522
33;385;74;14;28376010
33;1247;74;1;290627
33;247;74;4;3669337
33;424;74;26;56325313
33;1250;74;3;2343508
33;161;74;32;74111433
33;279;74;6;8116257
33;76;74;8;13670582
33;503;74;18;37781896
33;122;74;30;67861520
33;1138;74;7;11704728
33;87;74;27;59941103
33;100;74;27;60251613
33;405;74;7;11622455
33;416;74;3;2311195
33;438;74;8;13704986
33;674;74;5;5495534
33;1695;74;6;8354516
33;44;74;47;115225074
33;552;74;8;13724927
33;1769;74;5;5659396
33;626;74;8;13797807
33;768;74;5;5518254
33;783;74;11;20418268
33;283;74;15;30122978
33;791;74;5;5536508
33;809;74;4;3699739
33;863;74;7;11674439
33;826;74;6;8216612
33;953;74;3;2327515
33;1979;74;5;5711959
33;963;74;4;3726211
33;1376;74;3;2349230
33;655;74;2;1142354
33;1036;74;5;5580392
33;1851;74;5;5679701
33;1089;74;3;2338293
33;1107;74;6;8260612
33;1218;74;5;5620281
34;1801;44;5;2291680
34;1796;44;3;937772
34;1739;44;6;3084045
34;1594;44;5;2283765
34;1538;44;4;1570647
34;1243;44;4;1568514
34;1187;44;2;441104
34;96;44;18;20220194
34;792;44;6;3051222
34;57;44;33;42039382
34;1248;44;7;3999248
34;68;44;38;47505927
34;40;44;36;45484738
34;152;44;33;42084131
34;442;44;10;7915022
34;48;44;64;91296687
34;1556;44;4;1573665
34;1261;44;4;1568621
34;457;44;10;7925401
34;1934;44;5;2310444
34;223;44;21;25706303
34;1006;44;4;1561564
34;50;44;14;14803399
34;168;44;9;6546906
34;1786;44;5;2288064
34;429;44;24;28682889
34;246;44;10;7869762
34;1682;44;5;2288012
34;1033;44;5;2245203
34;430;44;12;12157284
34;1440;44;5;2274317
34;496;44;10;7932707
34;694;44;4;1557103
34;1589;44;3;933650
34;55;44;62;85359004
34;704;44;3;921527
34;308;44;19;20887005
34;721;44;4;1557790
34;959;44;3;924894
35;1791;17;4;243500
35;1706;17;4;243216
35;1683;17;4;243153
35;1520;17;5;425216
35;55;17;62;28573028
35;336;17;3;120964
35;362;17;2;41964
35;288;17;6;588166
35;1055;17;4;240024
35;659;17;4;237983
35;719;17;3;121474
35;1222;17;7;735429
36;1967;35;5;1528987
36;1769;35;5;1524582
36;1710;35;4;1037660
36;1544;35;3;632166
36;1788;35;3;637994
36;77;35;22;19641977
36;64;35;19;15949685
36;51;35;55;56371974
36;631;35;6;2058221
36;892;35;5;1509243
36;357;35;9;4147771
36;1279;35;3;625315
36;1338;35;3;626080
36;210;35;5;1492250
36;326;35;7;2676776
36;906;35;4;1019517
36;637;35;4;1015547
36;285;35;4;1007794
36;639;35;3;612526
36;417;35;5;1500709
36;230;35;4;1007251
36;643;35;5;1503322
36;733;35;5;1508159
36;931;35;3;616645
36;1226;35;3;622282
36;837;35;6;2067804
36;841;35;3;615387
36;1440;35;5;1520361
36;1204;35;4;1025940
36;1206;35;5;1517648
37;1862;30;4;794322
37;205;30;21;15350541
37;76;30;8;2549045
37;45;30;56;48020341
37;184;30;21;15314693
37;302;30;9;3110660
37;461;30;7;2051013
37;693;30;5;1160609
37;867;30;5;1163592
37;485;30;13;6289461
37;254;30;18;12330975
37;38;30;33;26844944
37;805;30;12;5329577
37;1327;30;3;468799
37;571;30;5;1157423
37;832;30;5;1163000
37;755;30;4;757717
37;42;30;8;2547915
37;691;30;5;1160121
37;1793;30;4;792272
37;710;30;4;754660
37;1062;30;5;1173569
37;826;30;6;1622336
37;1332;30;4;774029
37;1775;30;5;1186644
38;1939;33;5;1394165
38;1933;33;5;1393372
38;1722;33;5;1384638
38;1451;33;5;1379025
38;265;33;4;916753
38;251;33;13;7526198
38;1208;33;3;549476
38;120;33;39;36077613
38;61;33;27;22567094
38;60;33;41;37820475
38;553;33;7;2444377
38;345;33;20;15848627
38;1441;33;4;932570
38;360;33;8;3041027
38;418;33;7;2439896
38;364;33;3;545245
38;266;33;18;13883783
38;502;33;3;545730
38;236;33;11;5355464
38;531;33;4;920271
38;616;33;6;1879600
38;63;33;31;28043761
38;712;33;14;8889510
38;830;33;5;1365398
38;746;33;4;923033
38;923;33;6;1885620
38;1119;33;2;231858
38;1291;33;4;929588
39;1985;41;5;2016175
39;1840;41;6;2705011
39;1800;41;6;2704252
39;1686;41;4;1350557
39;1413;41;3;807116
39;180;41;4;1343299
39;178;41;14;13236450
39;1293;41;5;2004662
39;113;41;6;2694758
39;304;41;20;20550245
39;884;41;4;1346643
39;913;41;6;2695746
39;77;41;22;23433399
39;326;41;7;3546588
39;645;41;3;805574
39;507;41;7;3553660
39;861;41;14;13263541
39;1464;41;5;2004858
39;225;41;4;1344638
39;428;41;13;12261640
39;73;41;27;30023140
39;486;41;4;1345162
39;997;41;4;1348445
39;584;41;13;12265867
39;348;41;9;5401336
39;1219;41;3;806510
39;393;41;5;1999546
39;535;41;3;804951
39;1848;41;5;2007202
39;1730;41;4;1351671
39;550;41;5;1999819
39;581;41;11;8542175
39;733;41;5;2000736
39;791;41;5;2001487
39;1461;41;6;2700530
39;989;41;4;1348109
40;1839;36;4;1112186
40;1778;36;5;1657510
40;1609;36;4;1104746
40;1533;36;4;1104579
40;171;36;8;3554948
40;279;36;6;2136525
40;250;36;7;2819676
40;1964;36;5;1680057
40;194;36;7;2811180
40;287;36;17;14513838
40;51;36;55;58063420
40;384;36;17;14572179
40;302;36;9;4308213
40;361;36;4;1059412
40;622;36;5;1605221
40;422;36;4;1060218
40;615;36;6;2162431
40;934;36;3;659972
40;1021;36;3;663295
40;1108;36;3;666903
40;1149;36;5;1640039
40;677;36;8;3579174
40;736;36;4;1073010
40;1067;36;5;1636375
40;1532;36;4;1104546
40;1237;36;3;668467
40;133;36;15;12283448
40;959;36;3;660846
40;1313;36;3;669705
40;1731;36;5;1657137
40;1377;36;5;1647259
41;1581;28;5;1036112
41;1549;28;5;1035885
41;1095;28;4;698535
41;1078;28;3;407265
41;996;28;5;1020007
41;984;28;4;697049
41;779;28;4;695776
41;603;28;8;2364809
41;641;28;7;1863971
41;1860;28;5;1042796
41;1840;28;6;1430331
41;216;28;13;5372364
41;1875;28;5;1044176
41;106;28;39;29884246
41;156;28;17;9307612
41;1818;28;5;1037714
41;194;28;7;1859890
41;480;28;14;6399023
41;1371;28;4;700185
41;849;28;4;696619
41;588;28;4;695630
41;472;28;4;694228
41;530;28;10;3344822
42;705;8;4;34697
42;1118;8;6;104152
42;157;8;4;34143
43;1800;23;6;1003574
43;1478;23;4;484362
43;1310;23;5;716690
43;1203;23;5;715475
43;1152;23;2;99551
43;1094;23;8;1693040
43;747;23;6;1002626
43;586;23;5;712524
43;1164;23;3;248536
43;251;23;13;3804817
43;1184;23;4;483194
43;90;23;31;17497725
43;142;23;19;7769094
43;191;23;20;8871914
43;250;23;7;1321340
43;426;23;15;4885101
43;99;23;31;17507281
43;447;23;7;1324560
44;1970;47;5;2544479
44;1840;47;6;3476676
44;1725;47;3;1049357
44;1955;47;5;2542012
44;1660;47;3;1048292
44;1516;47;4;1749265
44;1428;47;4;1749090
44;1375;47;7;4341257
44;1316;47;4;1747820
44;1254;47;5;2520242
44;263;47;5;2509322
44;168;47;9;7454650
44;58;47;40;55214569
44;1042;47;4;1742717
44;49;47;22;28193375
44;1006;47;4;1738377
44;1196;47;6;3474222
44;1019;47;2;493045
44;1193;47;3;1047364
44;1543;47;5;2538288
44;1484;47;5;2527621
44;1425;47;7;4342286
44;196;47;5;2506684
44;268;47;20;25848356
44;118;47;24;30748207
44;354;47;7;4330420
44;1284;47;5;2525237
44;1166;47;6;3472123
44;389;47;10;9038831
44;478;47;4;1733761
44;501;47;6;3470646
44;1766;47;4;1753515
44;114;47;15;17405981
44;881;47;4;1736392
44;1290;47;3;1047649
44;110;47;20;25828441
44;1054;47;7;4335380
44;633;47;10;9041072
44;1105;47;6;3471888
44;1123;47;7;4340654
44;1747;47;4;1751942
44;1157;47;3;1047004
45;1953;56;3;1435275
45;1695;56;6;4761412
45;1493;56;5;3420505
45;1475;56;3;1428565
45;1384;56;6;4752052
45;1281;56;4;2374015
45;1215;56;5;3396622
45;1976;56;5;3456095
45;1150;56;3;1419522
45;988;56;3;1417827
45;980;56;4;2369255
45;964;56;4;2366998
45;918;56;4;2366544
45;1783;56;5;3435427
45;1724;56;5;3428432
45;1252;56;3;1423784
45;839;56;5;3363293
45;748;56;6;4718581
45;1292;56;4;2374311
45;112;56;11;14813698
45;84;56;16;22604812
45;287;56;17;26044408
45;71;56;9;10865469
45;1155;56;3;1421397
45;506;56;17;26076009
45;82;56;20;30519147
45;314;56;10;13064481
45;488;56;16;22632563
45;56;56;43;75596544
45;62;56;14;20184219
45;1232;56;4;2371817
45;583;56;6;4715168
45;80;56;48;84403546
45;1116;56;6;4741020
45;408;56;5;3335617
45;1040;56;7;6443198
45;675;56;4;2365292
45;126;56;26;42145527
45;722;56;4;2365901
45;132;56;13;18251949
45;393;56;5;3329474
45;654;56;10;13105148
45;1048;56;4;2369865
45;163;56;13;18253709
45;188;56;10;13046103
45;1825;56;5;3443444
45;232;56;19;28733258
45;46;56;48;84282913
45;282;56;19;28755593
45;1564;56;4;2374454
45;325;56;16;22618745
46;1862;48;4;1832557
46;1657;48;6;3589080
46;1581;48;5;2619892
46;1366;48;5;2617585
46;1127;48;3;1091979
46;1763;48;5;2637226
46;1055;48;4;1814651
46;1027;48;6;3583761
46;1025;48;3;1081636
46;1694;48;4;1823834
46;986;48;3;1078456
46;216;48;13;15282743
46;332;48;6;3570659
46;155;48;27;36376559
46;1768;48;4;1830428
46;1060;48;3;1083699
46;116;48;35;48165461
46;58;48;40;55923166
46;1534;48;6;3584915
46;56;48;43;61633913
46;49;48;22;28636822
46;484;48;4;1800528
46;1477;48;4;1821257
46;453;48;5;2592348
46;523;48;4;1805329
46;256;48;21;27489268
46;1332;48;4;1821011
46;1214;48;4;1820333
46;270;48;5;2564116
46;143;48;30;41442043
46;792;48;6;3579935
46;1153;48;2;527340
46;504;48;4;1800843
46;128;48;25;34407865
46;541;48;17;20453250
46;559;48;8;6160995
46;1030;48;4;1814349
46;617;48;5;2600676
46;389;48;10;9410446
46;566;48;2;516641
46;584;48;13;15298456
46;845;48;12;13429940
46;782;48;4;1812172
47;1869;30;6;1669013
47;224;30;21;15351754
47;775;30;10;3849109
47;109;30;19;13159569
47;1037;30;7;2076007
47;137;30;45;37817548
47;78;30;5;1144983
47;1847;30;4;793619
47;237;30;23;17152229
47;886;30;3;458146
47;385;30;14;7363118
47;264;30;16;9397752
47;441;30;14;7394625
47;555;30;14;7399913
47;558;30;4;744491
47;176;30;13;6270877
47;648;30;6;1608012
47;1033;30;5;1173222
47;1352;30;5;1181969
47;52;30;44;36726778
47;406;30;8;2585595
47;1173;30;9;3125297
47;882;30;4;759648
47;1590;30;3;471575
47;1709;30;3;473599
48;1978;64;5;4295874
48;1924;64;4;2986220
48;876;64;2;887909
48;774;64;9;13412672
48;1305;64;5;4251878
48;845;64;12;19629260
48;1872;64;5;4275940
48;729;64;10;15486536
48;1319;64;4;2964544
48;439;64;5;4222098
48;1737;64;4;2981652
48;814;64;5;4239003
48;179;64;9;13285987
48;1387;64;4;2966687
48;88;64;16;28097194
48;228;64;5;4183764
48;1128;64;6;6195435
48;112;64;11;17390228
48;561;64;4;2939684
48;53;64;35;68590176
48;1823;64;4;2983623
48;351;64;12;19624583
48;691;64;5;4233817
48;474;64;8;11574880
48;1871;64;5;4270182
48;343;64;8;11550953
48;530;64;10;15481455
48;1415;64;4;2970056
48;980;64;4;2950663
48;1960;64;5;4290940
48;1452;64;4;2972209
48;100;64;27;49235227
48;446;64;13;20851193
48;1154;64;6;6196084
48;1602;64;4;2974935
48;903;64;7;8470484
48;912;64;6;6177079
48;913;64;6;6187113
48;51;64;55;116223650
48;940;64;3;1813895
48;127;64;15;26104067
48;1016;64;4;2952031
48;1141;64;4;2956505
48;1156;64;3;1817833
48;1276;64;4;2958256
48;1934;64;5;4276692
48;156;64;17;29851899
48;1299;64;6;6200820
48;1594;64;5;4254495
48;95;64;36;72091576
48;1492;64;4;2974283
48;1718;64;5;4261254
48;1210;64;3;1820198
48;1591;64;5;4254071
48;640;64;4;2939982
48;1656;64;6;6203450
48;1719;64;4;2977337
48;1013;64;10;15550353
48;1775;64;5;4263981
49;1966;22;5;690538
49;1257;22;5;686492
49;1083;22;3;231321
49;700;22;3;229580
49;581;22;11;2645014
49;511;22;6;919951
49;1521;22;8;1570616
49;71;22;9;1872300
49;461;22;7;1221807
49;1137;22;3;231934
49;441;22;14;3996121
49;93;22;30;15848402
49;495;22;6;918753
49;118;22;24;12110523
49;397;22;19;7332681
49;339;22;12;3040381
49;179;22;9;1874415
50;411;14;11;1221212
50;748;14;6;402198
50;1711;14;4;161070
50;406;14;8;692383
50;1073;14;3;74381
50;1828;14;5;268402
50;204;14;24;4671929
50;1596;14;5;264740
50;1768;14;4;162702
51;1949;55;5;3286495
51;1913;55;4;2299065
51;1867;55;6;4430411
51;1585;55;4;2281585
51;1571;55;5;3279076
51;1635;55;4;2284227
51;1340;55;4;2265587
51;1324;55;5;3275236
51;1263;55;6;4419475
51;1235;55;3;1373254
51;1077;55;4;2246271
51;1822;55;4;2295270
51;1055;55;4;2245957
51;896;55;2;684928
51;755;55;4;2242821
51;1540;55;4;2279232
51;714;55;2;678782
51;680;55;16;22110774
51;631;55;6;4410805
51;197;55;4;2192582
51;902;55;5;3267796
51;371;55;5;3250879
51;1946;55;5;3281438
51;176;55;13;17627136
51;147;55;20;29886029
51;671;55;3;1363303
51;81;55;26;41164713
51;199;55;9;9739064
51;1239;55;4;2260376
51;1688;55;3;1384146
51;152;55;33;51986799
51;570;55;4;2223475
51;248;55;14;19660915
51;364;55;3;1355079
51;681;55;4;2238513
51;254;55;18;26941010
51;544;55;5;3267684
51;303;55;4;2203576
51;579;55;3;1357052
51;368;55;9;9759001
51;375;55;11;14015656
51;240;55;14;19659859
51;476;55;5;3261084
51;1240;55;7;6250063
51;532;55;3;1356911
51;597;55;4;2230748
51;318;55;21;32432549
51;613;55;6;4392968
51;276;55;23;35821341
51;630;55;9;9771542
52;1925;44;5;2306366
52;1861;44;5;2295948
52;1854;44;6;3091349
52;1827;44;4;1577209
52;1578;44;4;1574116
52;1179;44;5;2248686
52;1086;44;7;3997206
52;1016;44;4;1564023
52;983;44;4;1560919
52;934;44;3;923285
52;734;44;4;1558100
52;238;44;5;2192696
52;205;44;21;25705462
52;1639;44;4;1574888
52;105;44;3;913612
52;81;44;26;32137075
52;545;44;4;1549171
52;413;44;2;433344
52;54;44;15;15837275
52;576;44;6;3044682
52;727;44;8;5109620
52;672;44;6;3047675
52;621;44;4;1553618
52;65;44;16;17388587
52;242;44;24;28638434
52;278;44;6;3036176
52;136;44;31;38116602
52;372;44;22;26233338
52;1233;44;5;2256623
52;407;44;5;2218430
52;536;44;4;1545661
52;1482;44;4;1569977
52;243;44;31;38357927
52;538;44;9;6580208
52;560;44;3;921194
52;292;44;14;14836327
52;646;44;5;2235297
52;948;44;4;1559199
52;653;44;10;7981073
53;1955;35;5;1528011
53;1855;35;4;1039859
53;1640;35;4;1036632
53;158;35;19;15969427
53;186;35;11;6212117
53;59;35;51;51533674
53;929;35;3;616560
53;1937;35;5;1526893
53;226;35;14;9486461
53;69;35;25;22035597
53;777;35;3;612636
53;300;35;20;17286789
53;209;35;20;17190740
53;487;35;19;15975370
53;1195;35;6;2078453
53;1666;35;6;2093224
53;104;35;16;13036490
53;1264;35;4;1028631
53;1295;35;4;1029563
53;1828;35;5;1526290
53;353;35;5;1498240
53;730;35;3;612596
53;554;35;29;27491979
53;642;35;11;6238628
53;720;35;5;1507438
53;926;35;4;1019769
53;1128;35;6;2078203
53;1139;35;4;1022483
53;1142;35;4;1023802
53;1437;35;5;1520159
54;1603;15;6;471687
54;1503;15;5;300905
54;1021;15;3;93364
54;572;15;8;747531
54;975;15;5;295357
54;1354;15;4;180264
54;77;15;22;4344971
54;103;15;46;17135296
54;86;15;4;168573
54;1087;15;6;462267
55;1979;62;5;4094352
55;1955;62;5;4086319
55;1923;62;5;4076563
55;511;62;6;5767634
55;488;62;16;27098511
55;392;62;4;2706955
55;805;62;12;18619584
55;659;62;4;2718202
55;1780;62;4;2757223
55;1402;62;5;4040040
55;641;62;7;7715223
55;260;62;20;35083220
55;1086;62;7;7764069
55;1204;62;4;2729791
55;498;62;3;1705470
55;1514;62;4;2746024
55;1133;62;6;5852372
55;522;62;6;5769045
55;116;62;35;66748012
55;1414;62;3;1726820
55;289;62;24;42932375
55;397;62;19;33447635
55;161;62;32;59118943
55;1181;62;4;2729787
55;165;62;27;47889416
55;80;62;48;95815445
55;362;62;2;811587
55;101;62;27;47777296
55;172;62;16;27020257
55;1175;62;4;2729459
55;114;62;15;25754671
55;1648;62;5;4055431
55;123;62;19;33416721
55;695;62;4;2723854
55;1757;62;3;1731048
55;155;62;27;47837059
55;1806;62;6;5914691
55;866;62;10;14960275
55;340;62;5;4006895
55;1102;62;4;2727940
55;1121;62;4;2728897
55;654;62;10;14951552
55;1416;62;5;4047769
55;744;62;3;1719306
55;1125;62;7;7764865
55;209;62;20;35052971
55;1479;62;4;2742024
55;1478;62;4;2741663
55;1655;62;3;1726959
55;955;62;7;7717168
55;1209;62;3;1722613
55;1245;62;5;4031347
55;675;62;4;2719219
55;1183;62;9;13025955
55;1564;62;4;2748178
55;1337;62;4;2737071
55;1718;62;5;4056453
56;1487;43;3;898588
56;1840;43;6;2995046
56;1722;43;5;2125338
56;1486;43;5;2122264
56;1878;43;7;3867759
56;1465;43;5;2121488
56;1444;43;4;1469027
56;1998;43;5;2125378
56;1349;43;3;897532
56;1345;43;4;1468268
56;1329;43;3;897206
56;1139;43;4;1468181
56;103;43;46;57879233
56;364;43;3;895277
56;160;43;6;2987557
56;95;43;36;44270506
56;60;43;41;50926742
56;414;43;9;6269362
56;138;43;18;19697113
56;118;43;24;28138585
56;232;43;19;20485666
56;336;43;3;893329
56;61;43;27;32610945
56;1124;43;3;896964
56;911;43;5;2116724
56;380;43;11;9046481
56;83;43;9;6255344
56;496;43;10;7567665
56;379;43;7;3853835
56;202;43;18;19700954
56;233;43;4;1462719
56;259;43;4;1464433
56;281;43;4;1464834
56;314;43;10;7548756
56;507;43;7;3856059
56;843;43;3;895770
56;548;43;8;4862080
56;688;43;4;1466823
57;1910;33;6;1893214
57;1816;33;6;1890124
57;1731;33;5;1389517
57;116;33;35;32354434
57;107;33;30;26878006
57;137;33;45;42734638
57;485;33;13;7527124
57;69;33;25;20581810
57;127;33;15;9717331
57;391;33;4;917240
57;85;33;58;55845584
57;179;33;9;3787166
57;556;33;10;4388338
57;1982;33;5;1398082
57;153;33;16;12125044
57;878;33;6;1885582
57;661;33;5;1361756
57;325;33;16;12144727
57;471;33;7;2441126
57;500;33;5;1356448
57;1660;33;3;553640
57;989;33;4;927381
57;1054;33;7;2447624
57;1634;33;3;553490
57;1056;33;4;928339
57;1159;33;3;548120
57;1240;33;7;2449508
57;1481;33;8;3070415
58;1726;40;5;1924329
58;1681;40;3;787099
58;1474;40;6;2617969
58;1458;40;4;1317716
58;1456;40;4;1316545
58;1325;40;5;1921104
58;1001;40;4;1312625
58;173;40;16;15433653
58;135;40;25;27487777
58;193;40;3;737684
58;715;40;4;1308373
58;140;40;36;41216357
58;104;40;16;15423024
58;481;40;4;1296094
58;968;40;4;1312405
58;83;40;9;5257025
58;139;40;5;1895573
58;552;40;8;4231852
58;684;40;4;1305540
58;94;40;33;36865171
58;1944;40;4;1320906
58;174;40;7;3320532
58;267;40;5;1903004
58;164;40;15;13931072
58;282;40;19;19019445
58;390;40;9;5281910
58;534;40;5;1911303
58;1940;40;5;1933420
58;819;40;5;1917200
58;642;40;11;7934956
58;1125;40;7;3387067
58;712;40;14;13113352
58;736;40;4;1311239
58;747;40;6;2606137
58;863;40;7;3369058
127;1027;15;6;460772
127;1176;15;5;297044
127;219;15;5;291470
127;815;15;3;92322
127;1088;15;5;296325
127;131;15;25;5924309
127;1028;15;6;460953
127;238;15;5;291626
127;810;15;3;92260
127;930;15;4;174453
128;1990;25;4;587894
128;1448;25;5;850973
128;1263;25;6;1177390
128;1117;25;6;1174740
128;900;25;3;294487
128;865;25;5;846364
128;1438;25;2;118014
128;310;25;5;841952
128;976;25;6;1167184
128;831;25;5;846331
128;565;25;2;115391
128;1982;25;5;855620
128;1054;25;7;1515396
128;329;25;13;4316518
128;381;25;9;2378132
128;515;25;6;1150604
128;638;25;4;564365
128;1430;25;3;300453
128;705;25;4;566262
128;757;25;3;293874
129;1411;22;5;686771
129;1082;22;2;83364
129;1785;22;4;446285
129;1002;22;4;438285
129;1192;22;3;232573
129;293;22;17;5920121
129;1595;22;3;235037
129;1532;22;4;445426
129;575;22;8;1550882
129;1323;22;2;86001
129;1056;22;4;440113
129;215;22;8;1535061
129;259;22;4;432562
129;978;22;4;438102
129;688;22;4;437691
129;175;22;7;1220439
129;316;22;9;1874879
130;1130;16;2;35918
130;1361;16;2;37731
130;1440;16;5;368601
130;831;16;5;354911
130;244;16;27;7594785
130;342;16;4;201138
130;625;16;6;517213
130;828;16;7;696299
130;184;16;21;4664955
130;445;16;4;202264
130;851;16;5;355531
131;1574;25;4;575975
131;1518;25;4;575969
131;1195;25;6;1175749
131;1009;25;7;1515108
131;952;25;8;1918169
131;767;25;12;3845393
131;802;25;5;845799
131;715;25;4;567331
131;713;25;4;567102
131;398;25;16;6642280
131;174;25;7;1490553
131;932;25;6;1164120
131;207;25;6;1146109
131;233;25;4;556303
131;910;25;3;294938
131;478;25;4;561157
131;527;25;5;843853
131;150;25;13;4315800
131;154;25;26;15621315
131;399;25;4;559633
132;1538;13;4;128268
132;862;13;10;907596
132;694;13;4;124296
132;456;13;3;57560
132;144;13;8;597788
132;136;13;31;6662894
132;219;13;5;216703
132;306;13;13;1435817
133;1865;15;4;188656
133;1938;15;5;306244
133;1735;15;5;303548
133;1211;15;4;178709
133;543;15;6;451361
133;816;15;4;173322
133;649;15;3;90950
133;818;15;3;92563
133;1774;15;5;304465
133;875;15;8;758808
133;1214;15;4;179213
134;1523;16;1;2822
134;1063;16;5;360878
134;471;16;7;693552
134;981;16;4;206313
134;219;16;5;341219
134;138;16;18;3554776
134;177;16;5;340859
134;368;16;9;1059860
134;136;16;31;9835344
134;526;16;6;515821
134;402;16;20;4208946
134;257;16;11;1537206
135;1489;25;5;851578
135;1149;25;5;848785
135;1635;25;4;576819
135;1113;25;5;848441
135;1032;25;4;570238
135;916;25;4;569449
135;802;25;5;846071
135;1906;25;5;854208
135;746;25;4;568376
135;1836;25;4;578630
135;183;25;24;13936156
135;226;25;14;4954435
135;1851;25;5;854167
135;198;25;16;6640425
135;779;25;4;569190
135;692;25;9;2387654
135;171;25;8;1897192
135;181;25;21;12052451
135;281;25;4;556306
135;399;25;4;561075
136;1984;31;4;841713
136;435;31;6;1705412
136;344;31;4;809067
136;306;31;13;6666796
136;217;31;22;16882742
136;148;31;5;1230464
136;438;31;8;2709134
136;989;31;4;820743
136;1729;31;4;838791
136;353;31;5;1237474
136;582;31;5;1244258
136;1452;31;4;828318
136;358;31;5;1241974
136;1597;31;4;830102
136;442;31;10;4007237
136;703;31;10;4019407
136;429;31;24;18553124
136;488;31;16;9905927
136;1004;31;5;1249354
136;709;31;3;486612
136;1932;31;5;1253834
136;1047;31;2;192703
136;1224;31;3;487596
136;1351;31;6;1726038
136;1507;31;8;2742689
136;1639;31;4;835062
137;1852;45;5;2397771
137;1755;45;5;2396713
137;1625;45;5;2395090
137;1615;45;4;1654257
137;1568;45;4;1650269
137;1406;45;3;970010
137;1354;45;4;1646430
137;1217;45;9;6711266
137;1207;45;4;1642870
137;1473;45;4;1647490
137;1296;45;5;2391172
137;175;45;7;4115636
137;163;45;13;13563569
137;1515;45;5;2394633
137;453;45;5;2382782
137;1307;45;3;967099
137;304;45;20;22754842
137;433;45;6;3116979
137;224;45;21;25894513
137;578;45;5;2385154
137;443;45;5;2380318
137;260;45;20;22726478
137;319;45;4;1591251
137;791;45;5;2388569
137;820;45;4;1622249
137;1749;45;6;3129018
137;392;45;4;1600428
137;451;45;5;2380470
137;359;45;11;9739464
137;654;45;10;8516850
137;602;45;4;1605199
137;674;45;5;2385316
137;1580;45;4;1652624
137;872;45;5;2389430
137;1034;45;3;957758
137;1647;45;4;1654692
137;1057;45;4;1633990
137;146;45;13;13561855
137;736;45;4;1617898
137;1090;45;1;93663
138;1923;18;5;476033
138;1703;18;5;473513
138;1595;18;3;134540
138;1548;18;7;881412
138;1990;18;4;290548
138;569;18;5;452489
138;1050;18;7;874033
138;161;18;32;13278385
138;980;18;4;280736
138;578;18;5;453094
138;1072;18;4;282345
138;742;18;4;275647
138;1313;18;3;133852
139;1940;5;5;18732
140;1920;36;5;1672951
140;1849;36;5;1664951
140;1570;36;4;1104724
140;1785;36;4;1111337
140;310;36;5;1591212
140;745;36;5;1618217
140;300;36;20;17709065
140;163;36;13;8978753
140;1519;36;5;1649517
140;142;36;19;16883961
140;490;36;11;6565803
140;156;36;17;14467076
140;1041;36;4;1082449
140;696;36;12;7669999
140;1704;36;4;1109283
140;524;36;6;2157473
140;304;36;20;17717650
140;1833;36;5;1664368
140;335;36;6;2152837
140;1653;36;8;3587970
140;886;36;3;657136
140;238;36;5;1583293
140;415;36;6;2153638
140;279;36;6;2136554
140;1282;36;3;669462
140;633;36;10;5299524
140;682;36;4;1072827
140;1281;36;4;1094867
140;1422;36;4;1096640
140;1442;36;4;1102671
140;1496;36;4;1103948
141;1168;6;3;3072
142;1691;19;4;324338
142;1671;19;6;710493
142;1442;19;4;319835
142;1355;19;4;319205
142;1170;19;3;166976
142;996;19;5;499603
142;437;19;3;163994
142;710;19;4;309621
142;433;19;6;701266
142;774;19;9;1460338
142;455;19;4;307817
142;494;19;5;497114
142;799;19;6;707838
142;965;19;8;1208673
143;1960;30;5;1194003
143;309;30;6;1590276
143;454;30;5;1149588
143;1353;30;7;2080626
143;347;30;11;4384799
143;256;30;21;15356213
143;194;30;7;2037997
143;245;30;8;2562937
143;1223;30;5;1176503
143;306;30;13;6274348
143;203;30;5;1145442
143;348;30;9;3115404
143;1624;30;3;473002
143;814;30;5;1162612
143;240;30;14;7340477
143;1125;30;7;2076611
143;1653;30;8;2632237
143;768;30;5;1161264
143;1417;30;4;775538
143;1448;30;5;1183583
143;956;30;4;763257
143;1605;30;5;1184148
143;1895;30;5;1188354
143;608;30;7;2055586
143;1906;30;5;1188928
144;1194;8;4;36236
144;1465;8;5;66854
144;1242;8;5;63564
145;1594;15;5;302509
145;626;15;8;751777
145;1712;15;4;186404
145;313;15;23;4871088
145;1015;15;7;619573
145;426;15;15;2378529
145;1129;15;3;93692
145;1378;15;5;299742
145;506;15;17;2912203
145;1579;15;5;302416
146;1912;13;5;226328
146;889;13;3;57668
146;152;13;33;7522422
146;796;13;11;1054346
146;1806;13;6;339605
146;647;13;7;478690
146;556;13;10;902328
146;864;13;6;330430
147;1908;20;5;581300
147;1409;20;5;573372
147;1351;20;6;774171
147;1478;20;4;369516
147;1333;20;7;1030191
147;1218;20;5;571623
147;149;20;18;5268060
147;159;20;17;4775364
147;322;20;5;557746
147;673;20;9;1616472
147;1128;20;6;768629
147;397;20;19;6017940
147;1387;20;4;367784
147;836;20;4;355206
147;1172;20;2;63170
148;1889;5;5;18093
149;1658;18;4;288367
149;1314;18;4;284676
149;1058;18;11;1886028
149;984;18;4;281457
149;255;18;12;2133317
149;860;18;4;277169
149;309;18;6;646811
149;220;18;24;7592211
149;568;18;4;273517
149;772;18;10;1620961
149;1112;18;3;133169
149;822;18;3;131906
149;960;18;4;280525
150;1869;13;6;340547
150;1611;13;5;224161
150;1563;13;5;223627
150;1007;13;4;126215
150;945;13;4;125608
150;847;13;8;602188
150;303;13;4;122343
150;271;13;7;478197
152;1899;33;5;1392980
152;1834;33;3;554198
152;1818;33;5;1392465
152;180;33;4;913626
152;634;33;8;3046742
152;1649;33;5;1381619
152;218;33;4;914851
152;208;33;9;3788462
152;219;33;5;1353127
152;228;33;5;1353326
152;342;33;4;916852
152;420;33;5;1356111
152;1029;33;9;3803087
152;1406;33;3;553359
152;533;33;3;546336
152;627;33;10;4403635
152;642;33;11;5367975
152;961;33;4;925083
152;727;33;8;3049562
152;383;33;10;4388266
152;796;33;11;5368502
152;190;33;12;6550946
152;1724;33;5;1384740
152;869;33;6;1885297
152;1863;33;4;939624
152;919;33;13;7528751
152;1192;33;3;548662
152;1208;33;3;550824
153;1816;16;6;536648
153;1694;16;4;215708
153;1612;16;2;38181
153;1162;16;4;207915
153;1093;16;4;207157
153;172;16;16;2923874
153;1535;16;3;108326
153;973;16;4;205987
153;443;16;5;342823
153;1545;16;5;373275
153;1282;16;3;106570
154;1701;26;4;605358
154;1614;26;4;604464
154;1588;26;6;1283259
154;1199;26;3;332799
154;949;26;9;2494204
154;937;26;8;2022396
154;912;26;6;1269008
154;1475;26;3;335667
154;866;26;10;3011685
154;436;26;12;4103644
154;868;26;5;908402
154;462;26;4;599598
154;1465;26;5;910308
154;856;26;9;2487798
154;551;26;2;122748
154;169;26;5;899053
154;380;26;11;3539677
154;381;26;9;2471034
154;1557;26;4;604008
154;745;26;5;906101
154;847;26;8;2021737
155;1974;27;5;989791
155;1510;27;5;972457
155;1372;27;4;670078
155;1284;27;5;966411
155;1746;27;3;394540
155;1253;27;2;133750
155;957;27;7;1765045
155;922;27;4;659646
155;1143;27;4;667305
155;824;27;4;656526
155;933;27;5;956776
155;788;27;5;953768
155;983;27;4;660880
155;316;27;9;2651584
155;722;27;4;653549
155;181;27;21;13151007
155;467;27;4;649246
155;916;27;4;658589
155;278;27;6;1324631
155;564;27;9;2658414
155;598;27;4;650657
155;656;27;6;1330007
156;1946;17;5;430340
156;1796;17;3;122171
156;1231;17;7;736498
156;1114;17;4;240485
156;1055;17;4;240327
156;807;17;11;1733180
156;1990;17;4;245300
156;192;17;5;420857
156;309;17;6;588301
156;660;17;16;3189904
156;318;17;21;5238074
156;1069;17;6;593534
158;1972;19;4;324937
158;1962;19;4;324926
158;1631;19;4;323559
158;1574;19;4;322813
158;1325;19;5;502993
158;1416;19;5;503543
158;358;19;5;493795
158;457;19;10;1775197
158;1250;19;3;167060
158;1289;19;6;709841
158;555;19;14;3101085
158;692;19;9;1459261
158;528;19;5;497543
158;1050;19;7;940338
159;1741;17;4;243346
159;1696;17;5;425989
159;888;17;3;121902
159;1280;17;4;241567
159;1568;17;4;242793
159;239;17;14;2547015
159;1789;17;5;426803
159;1499;17;3;122118
159;194;17;7;733756
159;374;17;5;421208
159;972;17;4;240000
159;1126;17;9;1218971
160;1238;6;4;11365
161;1805;32;5;1320306
161;297;32;18;13336007
161;209;32;20;15452772
161;1630;32;7;2375348
161;200;32;18;13310888
161;552;32;8;2934436
161;178;32;14;8467538
161;210;32;5;1285899
161;348;32;9;3576712
161;293;32;17;12765607
161;1843;32;6;1831082
161;1076;32;4;891807
161;1541;32;4;892853
161;715;32;4;887685
161;717;32;5;1308892
161;848;32;10;4246071
161;907;32;2;204845
161;1731;32;5;1318884
161;1023;32;3;524081
161;204;32;24;19618400
161;1089;32;3;525097
161;229;32;2;200874
161;1114;32;4;892476
161;1184;32;4;892753
161;1252;32;3;528263
161;1286;32;5;1316406
161;1517;32;3;531527
162;1283;11;5;139345
162;1849;11;5;144028
162;874;11;8;437871
162;745;11;5;136338
162;1501;11;6;234562
162;363;11;20;2209213
162;236;11;11;802876
163;1405;13;5;222638
163;795;13;5;217321
163;1742;13;5;225532
163;767;13;12;1265327
163;1489;13;5;223217
163;1024;13;4;126297
163;920;13;4;125409
163;1342;13;3;58372
164;1871;15;5;305476
164;1838;15;6;474773
164;1691;15;4;185993
164;324;15;13;1833057
164;844;15;2;25570
164;416;15;3;90222
164;432;15;13;1834147
164;488;15;16;2596386
164;524;15;6;450454
164;1035;15;4;175926
165;1705;27;5;978493
165;1472;27;6;1337468
165;1124;27;3;392209
165;1014;27;3;391986
165;991;27;4;662953
165;784;27;4;654349
165;744;27;3;389318
165;975;27;5;957335
165;743;27;4;654026
165;601;27;9;2658483
165;894;27;4;657489
165;198;27;16;7579296
165;394;27;6;1327611
165;1325;27;5;968591
165;542;27;4;649740
165;206;27;14;5945504
165;1088;27;5;959931
165;1030;27;4;663737
165;218;27;4;643392
165;241;27;5;944679
165;509;27;3;387845
165;528;27;5;947530
166;1599;9;6;134649
166;286;9;12;645779
166;1223;9;5;94088
166;1084;9;3;20608
167;1779;14;5;267085
167;1105;14;6;407459
167;1328;14;5;263046
167;311;14;6;396943
167;602;14;4;149562
167;1441;14;4;157767
167;879;14;9;869036
167;791;14;5;254459
167;1284;14;5;261691
167;1717;14;4;161318
168;1338;9;3;21292
168;427;9;8;271811
168;321;9;3;20426
168;1500;9;5;95771
171;1744;8;4;38835
171;221;8;10;341525
171;568;8;4;34428
172;1985;16;5;386676
172;1229;16;4;208444
172;1216;16;4;208194
172;307;16;11;1542409
172;838;16;2;34775
172;442;16;10;1290068
172;1568;16;4;211983
172;350;16;8;886435
172;698;16;6;517750
172;720;16;5;350951
172;344;16;4;201374
172;895;16;4;204333
173;1888;16;3;113089
173;1883;16;5;385201
173;227;16;15;2561440
173;1670;16;5;377955
173;577;16;4;202711
173;957;16;7;696721
173;1672;16;3;110948
173;1272;16;4;209413
173;1428;16;4;210246
173;1404;16;4;210142
173;1936;16;6;539728
173;1443;16;4;210893
174;1655;7;3;9375
174;1852;7;5;47159
175;1974;7;5;48851
175;1503;7;5;44434
176;872;13;5;219350
176;663;13;11;1053538
176;643;13;5;216840
176;627;13;10;905009
176;842;13;4;125250
176;374;13;5;216804
176;1975;13;5;227141
176;1256;13;4;127629
177;1807;5;4;5601
178;1700;14;3;79675
178;266;14;18;2825715
178;1039;14;5;259093
178;189;14;15;2037992
178;1216;14;4;154165
178;346;14;7;539738
178;477;14;4;147948
178;750;14;5;252946
178;1143;14;4;153209
178;911;14;5;258144
179;1659;9;5;96929
179;1887;9;4;56954
179;1778;9;5;97611
179;1892;9;3;21769
181;1874;21;5;640008
181;1765;21;6;883441
181;1707;21;4;418243
181;1604;21;6;882792
181;1578;21;4;414708
181;1519;21;5;631956
181;878;21;6;868309
181;1158;21;3;196349
181;259;21;4;395935
181;454;21;5;609905
181;258;21;4;395859
181;869;21;6;867753
181;261;21;16;4678455
181;1763;21;5;635011
181;574;21;3;193764
181;913;21;6;869971
181;978;21;4;406397
182;1310;19;5;502316
182;1975;19;5;511635
182;206;19;14;3092581
182;1299;19;6;710095
182;313;19;23;7813852
182;833;19;11;2035165
182;502;19;3;164397
182;1045;19;3;166839
182;552;19;8;1203578
182;1041;19;4;316641
182;838;19;2;57070
182;1829;19;5;508960
182;756;19;10;1777077
182;793;19;3;166309
182;796;19;11;2028165
183;1971;24;5;802582
183;1948;24;5;800685
183;1844;24;4;538955
183;1783;24;5;792205
183;1399;24;4;529647
183;1359;24;6;1096364
183;1180;24;2;105391
183;1028;24;6;1082212
183;1448;24;5;776261
183;789;24;3;276177
183;1771;24;5;789656
183;234;24;10;2561732
183;780;24;4;518421
183;473;24;11;3044240
183;720;24;5;756496
183;320;24;6;1058923
183;195;24;10;2558439
183;775;24;10;2607203
183;428;24;13;4099240
184;1330;21;8;1425406
184;897;21;7;1132788
184;880;21;6;869564
184;851;21;5;616356
184;1203;21;5;621771
184;260;21;20;7341045
184;223;21;21;8076717
184;236;21;11;2430923
184;432;21;13;3233274
184;1774;21;5;637805
184;614;21;8;1412647
184;1857;21;3;199928
184;1625;21;5;632712
184;465;21;8;1408068
184;1092;21;3;195877
184;570;21;4;398772
184;512;21;11;2441613
185;949;9;9;390806
185;546;9;4;49101
185;279;9;6;130117
185;1767;9;5;97205
186;1698;11;3;41488
186;1605;11;5;141687
186;420;11;5;136042
186;1875;11;5;144404
186;1961;11;5;146743
186;882;11;4;82307
187;548;5;8;58769
188;1690;10;6;185783
188;1522;10;4;67817
188;1916;10;5;119800
188;1217;10;9;463563
188;1191;10;5;117585
189;1902;15;5;305825
189;217;15;22;4375719
189;1961;15;5;306909
189;1787;15;4;186855
189;198;15;16;2559054
189;348;15;9;945827
189;665;15;4;170653
189;806;15;4;172320
189;1041;15;4;175946
189;1052;15;6;461168
190;1980;12;5;191419
190;1926;12;4;114147
190;1744;12;4;112228
190;1472;12;6;286495
190;759;12;4;101537
190;596;12;5;169841
190;632;12;3;49460
191;1948;20;5;585836
191;1849;20;5;579014
191;1516;20;4;370896
191;1051;20;6;766815
191;459;20;14;3340719
191;415;20;6;739531
191;1057;20;4;360402
191;275;20;13;2996472
191;684;20;4;350251
191;626;20;8;1301857
191;251;20;13;2995820
191;280;20;11;2202467
191;484;20;4;342961
191;1911;20;5;583573
191;664;20;4;348088
192;1684;5;6;28707
194;285;7;4;21844
194;1913;7;4;24691
195;1498;10;3;28125
195;819;10;5;116507
195;409;10;6;168792
195;447;10;7;250051
195;443;10;5;115288
196;211;5;21;606735
198;1575;16;3;109545
198;1545;16;5;373795
198;958;16;4;205591
198;1656;16;6;533689
198;1105;16;6;526992
198;1534;16;6;532081
198;882;16;4;204311
198;199;16;9;1056941
198;1098;16;6;525994
198;1315;16;4;209908
198;1432;16;3;107647
199;871;9;7;194945
199;1839;9;4;56343
199;227;9;15;944575
199;701;9;4;49474
199;798;9;6;131824
200;1805;18;5;473870
200;1873;18;3;135707
200;1525;18;3;134435
200;1256;18;4;283855
200;624;18;4;275055
200;884;18;4;277682
200;436;18;12;2154794
200;476;18;5;449616
200;1503;18;5;470681
200;517;18;3;130212
200;920;18;4;279527
200;613;18;6;650742
200;997;18;4;281520
200;1015;18;7;871469
201;1735;14;5;265877
201;574;14;3;72579
201;233;14;4;146775
201;676;14;10;1015630
201;270;14;5;249970
201;830;14;5;255687
201;1176;14;5;260548
201;1722;14;5;265642
201;1418;14;5;263389
202;1659;18;5;473491
202;1528;18;5;471427
202;1432;18;3;134252
202;1155;18;3;133489
202;1140;18;7;877399
202;956;18;4;280409
202;271;18;7;858520
202;871;18;7;867966
202;1103;18;3;132853
202;346;18;7;859397
202;374;18;5;448964
202;777;18;3;131080
202;508;18;4;273058
203;283;5;15;292097
204;1797;24;4;536149
204;1652;24;5;785684
204;1473;24;4;529820
204;1474;24;6;1103925
204;1445;24;3;286357
204;982;24;4;522582
204;908;24;3;278403
204;1608;24;3;287998
204;367;24;4;512588
204;1747;24;4;535358
204;1631;24;4;533680
204;471;24;7;1409656
204;456;24;3;272292
204;540;24;13;4107700
204;1777;24;2;112669
204;356;24;7;1402409
204;501;24;6;1064205
204;878;24;6;1076259
204;613;24;6;1069870
205;1683;21;4;416868
205;1482;21;4;413493
205;1391;21;3;198448
205;1302;21;5;625745
205;1239;21;4;411005
205;988;21;3;195689
205;1267;21;5;624918
205;1064;21;5;620532
205;296;21;11;2433671
205;1751;21;5;634638
205;562;21;4;398520
205;1658;21;4;416144
205;614;21;8;1413019
205;802;21;5;614618
205;1004;21;5;618843
205;1236;21;4;410579
206;1427;14;3;77581
206;1390;14;4;157017
206;1348;14;2;23122
206;626;14;8;695766
206;1118;14;6;409190
206;770;14;6;403845
206;674;14;5;252097
206;1225;14;4;155234
206;943;14;6;404995
207;383;6;10;168704
207;1689;6;4;13842
208;1757;9;3;21641
208;1162;9;4;51059
208;333;9;18;1326317
208;1144;9;3;20853
209;1717;20;4;379596
209;1129;20;3;177725
209;701;20;4;350542
209;1496;20;4;370379
209;249;20;16;4187002
209;431;20;9;1600780
209;1229;20;4;364057
209;616;20;6;751746
209;297;20;18;5274301
209;1880;20;3;188842
209;508;20;4;343924
209;370;20;10;1904424
209;398;20;16;4206491
209;593;20;8;1298420
209;594;20;7;1013684
211;1297;21;4;412090
211;1553;21;3;198514
211;1437;21;5;627991
211;1292;21;4;411852
211;1265;21;3;197202
211;1232;21;4;410491
211;1636;21;4;415292
211;1131;21;4;409282
211;1994;21;6;885096
211;295;21;15;4128914
211;958;21;4;405068
211;243;21;31;15804765
211;359;21;11;2438782
211;450;21;10;2050313
211;1112;21;3;196176
211;384;21;17;5251450
211;1138;21;7;1137217
213;1872;9;5;97685
213;475;9;9;387319
213;1767;9;5;97214
213;532;9;3;20461
214;717;14;5;252801
214;894;14;4;151919
214;1077;14;4;152674
214;281;14;4;146865
214;827;14;4;151292
214;378;14;6;397079
214;638;14;4;149649
214;467;14;4;147487
214;848;14;10;1018917
215;1498;8;3;12460
215;1321;8;4;37556
215;1102;8;4;35842
215;819;8;5;61018
216;1988;13;5;227417
216;1799;13;4;129404
216;1241;13;4;127575
216;768;13;5;217002
216;224;13;21;3227210
216;1346;13;2;20183
216;1720;13;4;128545
216;836;13;4;125101
217;1787;22;4;446859
217;1574;22;4;445495
217;1527;22;6;933482
217;1513;22;2;86616
217;1446;22;3;234257
217;1435;22;1;9881
217;1341;22;4;443280
217;227;22;15;4375891
217;368;22;9;1878373
217;291;22;4;432894
217;1453;22;4;444161
217;525;22;6;920142
217;1427;22;3;234047
217;412;22;16;5062818
217;1042;22;4;439311
217;741;22;2;81577
217;1321;22;4;442695
220;1737;24;4;534403
220;1708;24;4;534351
220;1679;24;4;533760
220;1596;24;5;782015
220;1460;24;5;776786
220;1948;24;5;801105
220;1107;24;6;1091789
220;1902;24;5;796481
220;858;24;3;276997
220;709;24;3;275301
220;385;24;14;4697576
220;1662;24;5;786179
220;248;24;14;4675860
220;280;24;11;3039248
220;592;24;4;516809
220;428;24;13;4100923
220;558;24;4;516324
220;499;24;4;513310
220;575;24;8;1808074
221;1798;10;3;29903
221;1508;10;5;118108
221;955;10;7;258398
221;1419;10;6;181187
221;887;10;4;61305
222;412;5;16;342797
223;1751;21;5;634739
223;1553;21;3;198958
223;1308;21;3;198060
223;1186;21;5;621542
223;985;21;3;195526
223;932;21;6;870024
223;897;21;7;1133015
223;677;21;8;1413661
223;1080;21;4;407446
223;268;21;20;7342599
223;459;21;14;3636599
223;571;21;5;611411
223;597;21;4;400181
223;681;21;4;400975
223;689;21;12;2851539
223;854;21;3;194607
224;1766;21;4;420268
224;1657;21;6;883301
224;1406;21;3;198504
224;1484;21;5;630207
224;1165;21;4;409948
224;1109;21;3;196108
224;1467;21;4;412614
224;307;21;11;2434462
224;346;21;7;1123755
224;230;21;4;395599
224;1698;21;3;199845
224;451;21;5;609002
224;464;21;5;609952
224;698;21;6;865933
224;262;21;21;8082129
224;1069;21;6;875651
226;1779;14;5;267398
226;824;14;4;151116
226;915;14;6;404909
226;757;14;3;73071
226;971;14;3;73766
226;855;14;3;73279
226;1066;14;5;260373
226;1157;14;3;74682
226;1592;14;4;160375
227;1905;15;4;190142
227;1616;15;4;184891
227;1048;15;4;176358
227;243;15;31;8942519
227;276;15;23;4870876
227;289;15;24;5272526
227;946;15;4;175037
227;631;15;6;454266
227;1066;15;5;295843
227;1539;15;4;183762
231;1964;19;5;510879
231;1899;19;5;510472
231;1824;19;3;168149
231;1524;19;4;322126
231;1480;19;4;321941
231;1470;19;5;504336
231;1370;19;6;710130
231;388;19;15;3511168
231;609;19;4;308676
231;895;19;4;312407
231;328;19;3;163259
231;618;19;6;703383
231;1079;19;8;1208885
231;1275;19;5;501946
232;1643;19;3;167945
232;1272;19;4;318200
232;1194;19;4;317525
232;1374;19;3;167621
232;1026;19;6;708955
232;771;19;5;498622
232;1007;19;4;314592
232;625;19;6;705062
232;820;19;4;310956
232;673;19;9;1458668
232;1143;19;4;317254
232;737;19;4;309751
232;930;19;4;313177
232;970;19;3;166442
234;705;10;4;59563
234;674;10;5;115743
234;492;10;3;24898
234;245;10;8;341962
234;254;10;18;1585121
235;1561;14;3;78753
235;400;14;2;21859
235;1313;14;3;76637
235;814;14;5;254786
235;1230;14;4;155676
235;474;14;8;695084
235;512;14;11;1223077
235;928;14;5;258195
235;1337;14;4;156741
236;1951;11;5;146713
236;1895;11;5;145663
236;1571;11;5;141651
236;1945;11;5;146695
236;307;11;11;804688
236;1781;11;5;143558
237;1533;23;4;484709
237;1476;23;4;483850
237;1453;23;4;483657
237;1161;23;4;482172
237;1145;23;2;99204
237;993;23;3;247746
237;949;23;9;2016460
237;803;23;3;247523
237;566;23;2;99201
237;644;23;12;3292535
237;418;23;7;1324465
237;1023;23;3;248122
237;472;23;4;480683
237;546;23;4;481895
237;370;23;10;2409396
237;415;23;6;1001243
237;1825;23;5;718116
237;607;23;3;246126
239;1909;14;3;80971
239;655;14;2;21954
239;664;14;4;150191
239;1444;14;4;158202
239;1522;14;4;160038
239;821;14;4;151107
239;1575;14;3;78865
239;1218;14;5;261049
239;1460;14;5;264262
240;1733;14;4;162213
240;246;14;10;1007615
240;379;14;7;539919
240;756;14;10;1018762
240;1031;14;5;258901
240;276;14;23;4300931
240;1168;14;3;74750
240;1257;14;5;261484
240;1659;14;5;265519
241;419;5;10;115181
242;1537;24;2;108775
242;1529;24;3;286757
242;1486;24;5;777013
242;1420;24;5;775675
242;1345;24;4;528709
242;1340;24;4;528324
242;1331;24;3;285004
242;1245;24;5;770948
242;1076;24;4;524777
242;333;24;18;7627623
242;1503;24;5;777081
242;1300;24;3;284471
242;372;24;22;12147771
242;476;24;5;741373
242;571;24;5;747371
242;1017;24;4;523208
242;1069;24;6;1087735
242;567;24;5;745334
242;1031;24;5;765244
243;1973;31;5;1253991
243;648;31;6;1715304
243;366;31;5;1242058
243;292;31;14;7686918
243;355;31;7;2184398
243;553;31;7;2189297
243;1713;31;5;1252375
243;1039;31;5;1249580
243;302;31;9;3299530
243;266;31;18;13022432
243;679;31;4;812625
243;1255;31;4;825082
243;1690;31;6;1728024
243;805;31;12;5822284
243;950;31;4;815084
243;958;31;4;817001
243;1093;31;4;822077
243;1824;31;3;492457
243;1175;31;4;823451
243;1390;31;4;827195
243;295;31;15;8957727
243;1593;31;4;829535
243;1606;31;3;490706
243;1637;31;4;834838
243;1761;31;1;34056
243;1815;31;5;1253285
244;1777;27;2;134922
244;1579;27;5;975230
244;1915;27;4;677093
244;1567;27;3;394082
244;1734;27;4;674615
244;1183;27;9;2660637
244;951;27;4;660771
244;758;27;4;654199
244;735;27;2;130676
244;676;27;10;3121428
244;1703;27;5;976675
244;253;27;7;1758110
244;1049;27;8;2167965
244;258;27;4;645131
244;1810;27;3;394752
244;337;27;4;647578
244;350;27;8;2152959
244;290;27;4;645930
244;1316;27;4;669712
244;359;27;11;3792091
244;412;27;16;7647109
244;568;27;4;650172
245;1383;8;3;11748
245;947;8;9;279804
245;1121;8;4;35912
246;1769;10;5;119199
246;1045;10;3;26028
246;972;10;4;62504
246;324;10;13;899455
246;801;10;5;116176
248;1797;14;4;162768
248;1641;14;6;415810
248;1169;14;4;153710
248;1860;14;5;268430
248;1286;14;5;262761
248;431;14;9;862515
248;754;14;4;150719
248;661;14;5;251962
248;1125;14;7;541824
249;1883;16;5;385400
249;1781;16;5;381294
249;510;16;5;344525
249;865;16;5;356079
249;1178;16;3;105133
249;1231;16;7;699392
249;1969;16;4;216562
249;1592;16;4;213604
249;1244;16;4;208515
249;1634;16;3;110505
249;1364;16;3;107367
250;556;7;10;250429
250;1925;7;5;47694
251;1370;13;6;334448
251;1197;13;4;127546
251;986;13;3;57710
251;687;13;9;730791
251;1359;13;6;333894
251;865;13;5;219332
251;631;13;6;329662
251;862;13;10;908042
252;1378;21;5;626757
252;1279;21;3;197903
252;1151;21;4;409709
252;922;21;4;404919
252;877;21;4;404156
252;1626;21;4;415162
252;273;21;15;4123960
252;1497;21;4;413532
252;308;21;19;6611687
252;810;21;3;194594
252;607;21;3;193816
252;314;21;10;2038995
252;604;21;3;193773
252;1683;21;4;417093
252;610;21;3;193919
252;696;21;12;2852661
252;874;21;8;1415264
253;1733;7;4;24140
253;1593;7;4;23538
254;1695;18;6;674029
254;1678;18;3;134742
254;1515;18;5;471066
254;1353;18;7;879695
254;1286;18;5;467970
254;1052;18;6;663804
254;1091;18;4;282470
254;1234;18;6;667918
254;321;18;3;130187
254;267;18;5;447975
254;615;18;6;651037
254;621;18;4;274881
254;803;18;3;131871
255;1380;12;4;107548
255;1147;12;3;50966
255;520;12;5;169803
255;1447;12;1;236
255;1174;12;4;105107
255;420;12;5;169175
255;1995;12;5;192355
256;1956;21;5;641234
256;1457;21;5;629823
256;1421;21;5;627817
256;1257;21;5;624069
256;1226;21;3;196847
256;1163;21;11;2448674
256;1034;21;3;195851
256;637;21;4;400429
256;845;21;12;2861769
256;262;21;21;8082829
256;1264;21;4;411546
256;278;21;6;858596
256;577;21;4;399014
256;466;21;7;1127906
256;1812;21;5;638861
256;797;21;3;194281
541;1801;17;5;427241
541;1792;17;5;426851
541;706;17;4;238474
541;1842;17;3;122330
541;769;17;4;239187
541;847;17;8;993860
541;600;17;3;121336
541;687;17;9;1215458
541;1273;17;2;42469
541;751;17;10;1440465
541;1506;17;5;425134
541;636;17;5;421759
541;1245;17;5;423600
542;1965;4;5;7162
543;1322;6;4;11723
546;1903;4;4;2896
548;1204;8;4;36347
548;1115;8;7;152970
548;673;8;9;275060
550;1869;5;6;31108
552;1243;8;4;36915
552;1023;8;3;10754
552;885;8;4;34927
553;1874;7;5;47486
553;1927;7;3;9765
554;1993;29;5;1121865
554;1733;29;4;728629
554;1462;29;4;728241
554;1228;29;4;725889
554;1968;29;5;1119726
554;982;29;4;724240
554;971;29;3;432485
554;809;29;4;723019
554;784;29;4;722610
554;1455;29;4;727631
554;684;29;4;721373
554;845;29;12;4922485
554;729;29;10;3595942
554;1987;29;5;1121584
554;682;29;4;721012
554;1572;29;6;1487057
554;760;29;4;721954
554;957;29;7;1934814
554;870;29;5;1114341
554;667;29;4;720921
554;753;29;3;431271
554;997;29;4;724725
554;591;29;4;720619
554;765;29;6;1479181
555;1801;14;5;268231
555;795;14;5;254465
555;1198;14;4;153885
555;713;14;4;150268
555;904;14;4;152449
555;1450;14;3;77726
555;1026;14;6;407218
555;668;14;3;72703
555;1509;14;6;413935
556;1601;10;8;375677
556;780;10;4;60907
556;1961;10;5;120314
556;674;10;5;115882
556;718;10;4;59617
556;668;10;3;25471
559;1925;8;5;71837
559;738;8;3;10465
559;581;8;11;436107
562;919;4;13;125336
564;891;9;7;194968
564;864;9;6;132131
564;747;9;6;131071
564;795;9;5;92070
567;1999;5;5;20070
572;1412;8;3;12012
572;887;8;4;34947
572;817;8;7;151050
575;1095;8;4;35655
575;637;8;4;34436
575;1581;8;5;67873
576;650;6;4;10400
576;1234;6;6;51911
578;1630;5;7;45292
580;1200;4;7;22519
581;1875;11;5;144702
581;1457;11;5;140476
581;824;11;4;81763
581;1911;11;5;146261
581;868;11;5;137839
581;589;11;3;39354
582;1993;5;5;19463
583;1222;6;7;75540
584;1772;13;5;225624
584;1607;13;11;1055623
584;1088;13;5;220914
584;1059;13;7;479500
584;1669;13;4;128308
584;1032;13;4;126394
584;1715;13;6;337556
584;1156;13;3;57833
584;1093;13;4;127005
585;1772;16;5;380519
585;628;16;6;517351
585;1514;16;4;211557
585;1212;16;6;528247
585;1773;16;3;112560
585;1686;16;4;215067
585;1077;16;4;206560
585;1167;16;5;362961
585;1583;16;4;213121
585;1339;16;5;367617
585;1658;16;4;214520
588;1923;4;5;6284
590;633;4;10;59110
592;696;4;12;100731
593;901;8;5;61693
593;802;8;5;60928
593;664;8;4;34567
593;666;8;3;10408
594;1708;7;4;23999
594;1728;7;6;80518
596;1830;5;3;1923
601;1988;9;5;99188
601;1298;9;4;52016
601;1531;9;5;95914
601;1479;9;4;53408
601;1024;9;4;50542
603;1738;8;5;69434
603;1493;8;5;67484
603;1135;8;4;36143
605;1760;9;2;3479
605;1102;9;4;50803
605;763;9;5;91727
605;1027;9;6;132571
608;1622;7;5;45218
608;1742;7;5;46369
608;1697;7;6;79549
611;1388;7;6;77482
611;625;7;6;72689
612;1946;6;5;32694
612;1527;6;6;54286
613;1945;6;5;32652
614;1877;8;5;71520
614;1526;8;3;12672
614;1311;8;4;37455
614;1264;8;4;37173
615;1935;6;4;16413
616;1453;6;4;12150
617;1701;5;4;5191
618;1701;6;4;13862
619;1870;4;5;5966
619;1059;4;7;22301
623;1847;20;4;382954
623;1786;20;5;578132
623;1784;20;5;578062
623;1779;20;5;578060
623;1932;20;5;584222
623;770;20;6;758382
623;1943;20;5;585792
623;1074;20;4;361231
623;1174;20;4;363298
623;1854;20;6;793791
623;1564;20;4;374519
623;1463;20;4;368915
623;874;20;8;1311634
623;903;20;7;1019300
623;1715;20;6;788721
624;1843;4;6;15380
624;875;4;8;34911
625;1509;6;6;53990
625;692;6;9;130323
626;1607;8;11;445559
626;627;8;10;347719
626;1062;8;5;62985
627;1443;10;4;66106
627;1407;10;4;65842
627;1032;10;4;62529
627;932;10;6;174484
627;828;10;7;255359
628;1644;6;4;13475
629;1228;10;4;63477
629;1444;10;4;66530
629;755;10;4;60844
629;647;10;7;251647
629;640;10;4;59140
629;1560;10;2;4758
630;1596;9;5;96430
630;931;9;3;20601
630;913;9;6;132314
630;922;9;4;50424
631;1283;6;5;26489
633;1998;10;5;120931
633;670;10;5;115589
633;690;10;11;678612
633;1718;10;5;119118
633;915;10;6;173991
634;1844;8;4;38933
634;1572;8;6;109520
634;1484;8;5;66895
641;1923;7;5;47672
641;1876;7;4;24585
641;689;7;12;401139
642;1611;11;5;141768
642;1585;11;4;86964
642;1385;11;6;233938
642;1883;11;5;144798
642;921;11;7;326692
642;1764;11;5;143134
643;1828;5;5;17784
644;1700;12;3;55552
644;1379;12;4;107527
644;1262;12;12;1093745
644;970;12;3;50499
644;942;12;4;103213
644;667;12;4;100698
644;1842;12;3;56694
646;1809;5;3;1851
647;1399;7;4;23146
647;720;7;5;42636
648;1331;6;3;3189
651;1531;5;5;17295
651;1046;5;7;42822
652;1043;6;6;50605
652;692;6;9;130442
653;1343;10;2;4407
653;1320;10;3;26609
653;1266;10;3;26416
653;1693;10;5;118833
653;1859;10;3;30634
654;1804;10;4;70797
654;897;10;7;257834
654;693;10;5;115956
654;912;10;6;173694
654;976;10;6;175060
656;1442;6;4;12097
660;1762;16;6;535774
660;1759;16;5;380391
660;1598;16;4;213779
660;1352;16;5;367712
660;969;16;3;103377
660;1290;16;3;106858
660;1054;16;7;697634
660;705;16;4;202973
660;1111;16;8;892047
660;1224;16;3;105771
660;1271;16;4;208686
663;1485;11;5;140890
663;1120;11;4;84231
663;856;11;9;547154
663;830;11;5;136969
663;1099;11;4;84031
663;683;11;4;81162
666;1846;3;6;3672
672;1825;6;5;30266
673;1463;9;4;53190
673;1319;9;4;52079
673;686;9;5;91403
673;1679;9;4;55088
676;1360;10;2;4488
676;895;10;4;61605
676;1144;10;3;26127
676;1001;10;4;62524
676;1518;10;4;67751
677;1976;8;5;72379
677;1199;8;3;11253
677;1494;8;3;12370
677;1065;8;4;35429
680;1622;16;5;376656
680;1617;16;3;110318
680;1169;16;4;207934
680;1922;16;5;385933
680;1342;16;3;107261
680;806;16;4;203956
680;852;16;5;355674
680;1135;16;4;207523
680;1278;16;3;106533
680;1166;16;6;527947
680;1436;16;4;210828
681;1973;4;5;7672
687;1157;9;3;21026
687;1605;9;5;96442
687;1098;9;6;132832
687;1529;9;3;21535
689;1352;12;5;180008
689;1115;12;7;407494
689;1448;12;5;182316
689;811;12;5;172918
689;1397;12;3;52853
689;784;12;4;101726
689;1834;12;3;56236
690;1987;11;5;146765
690;1165;11;4;84387
690;964;11;4;82704
690;961;11;4;82551
690;975;11;5;137939
690;1723;11;5;142343
691;1895;5;5;18159
692;1827;9;4;56190
692;947;9;9;390666
692;792;9;6;131594
692;990;9;4;50532
693;1746;5;3;1742
696;1332;12;4;107161
696;1639;12;4;110640
696;1249;12;4;105977
696;1106;12;5;177503
696;758;12;4;101239
696;1271;12;4;106393
696;790;12;4;102070
698;771;6;5;25553
703;1554;10;3;28209
703;1929;10;5;120302
703;1461;10;6;182638
703;1445;10;3;27403
703;937;10;8;356721
711;1657;10;6;185575
711;1404;10;4;65707
711;1248;10;7;261279
711;1057;10;4;62933
711;1314;10;4;64771
712;1859;14;3;80941
712;1665;14;3;79462
712;985;14;3;73773
712;1596;14;5;264767
712;935;14;2;22188
712;1071;14;3;74197
712;1187;14;2;22459
712;1616;14;4;160453
712;1759;14;5;266188
712;1380;14;4;156823
716;1988;6;5;33664
725;843;8;3;10617
725;737;8;4;34752
725;1211;8;4;36485
727;1853;8;6;112800
727;1688;8;3;13758
727;1474;8;6;107863
729;1973;10;5;120326
729;1408;10;6;181137
729;1892;10;3;31549
729;891;10;7;257545
729;1465;10;5;118105
739;1968;3;5;2352
745;1884;5;4;6116
747;1557;6;4;12989
747;1735;6;5;29028
748;1002;6;4;10724
749;1920;12;5;190370
749;1035;12;4;103429
749;1498;12;3;53775
749;809;12;4;102089
749;1825;12;5;187003
749;1539;12;4;108795
749;889;12;3;50353
750;1901;5;5;18418
751;1838;10;6;187593
751;982;10;4;62523
751;829;10;4;61124
751;1974;10;5;120475
751;1779;10;5;119288
756;1259;10;6;179648
756;1106;10;5;117471
756;1035;10;4;62833
756;1261;10;4;63681
756;1225;10;4;63201
761;1959;4;5;6628
764;1384;4;6;11856
765;1991;6;6;57054
765;1992;6;5;33821
767;1855;12;4;112868
767;1572;12;6;287392
767;1765;12;6;289203
767;1388;12;6;285651
767;1245;12;5;179531
767;1123;12;7;409249
767;1132;12;4;104285
770;1280;6;4;11547
771;1351;5;6;26903
772;1419;10;6;182178
772;1374;10;3;26989
772;856;10;9;457033
772;1044;10;4;62925
772;836;10;4;61196
772;832;10;5;117030
774;1947;9;5;98143
774;1629;9;3;21594
774;1015;9;7;195768
774;885;9;4;50258
774;1497;9;4;53688
775;1272;10;4;64502
775;1075;10;5;117459
775;1707;10;4;69015
775;1373;10;4;65625
775;808;10;5;116254
783;1696;11;5;142022
783;1540;11;4;86847
783;1295;11;4;85380
783;1269;11;7;328297
783;1117;11;6;231778
783;1902;11;5;146092
791;1974;5;5;18956
792;1570;6;4;13059
796;1782;11;3;41689
796;1759;11;5;143023
796;1003;11;5;138048
796;869;11;6;230385
796;1222;11;7;328050
796;1439;11;4;86340
798;1981;6;4;16961
799;1248;6;7;75979
799;1559;6;4;12995
800;1521;5;8;67774
804;1681;6;3;3468
804;901;6;5;25786
805;1385;12;6;285180
805;1314;12;4;107087
805;1291;12;4;107070
805;1706;12;4;111849
805;1576;12;5;184638
805;1152;12;2;10848
805;853;12;3;50238
807;1072;11;4;83172
807;1095;11;4;83956
807;1196;11;6;232707
807;1673;11;2;9919
807;997;11;4;82941
807;1821;11;3;41754
814;1899;5;5;18405
817;1487;7;3;9193
817;1413;7;3;8896
817;1521;7;8;159859
826;1980;6;5;33487
828;1740;7;5;46134
828;1739;7;6;80664
831;1702;5;2;105
833;1788;11;3;41699
833;1743;11;5;142953
833;1663;11;4;87571
833;1083;11;3;39776
833;1500;11;5;140985
833;936;11;7;326977
837;1185;6;4;11090
840;1868;5;5;17923
842;1270;4;7;22656
845;1141;12;4;104326
845;1352;12;5;180251
845;1118;12;6;283547
845;1704;12;4;111267
845;950;12;4;103239
845;929;12;3;50430
845;1543;12;5;183839
846;1973;5;5;18906
847;1478;8;4;37911
847;1225;8;4;36645
847;1555;8;5;67861
848;1843;10;6;187767
848;1686;10;4;68899
848;849;10;4;61224
848;1267;10;5;117679
848;1110;10;8;362231
852;1058;5;11;138137
856;1736;9;6;134760
856;910;9;3;20553
856;1701;9;4;55570
856;1194;9;4;51340
861;1593;14;4;160376
861;939;14;5;258373
861;968;14;4;152643
861;1137;14;3;74675
861;1045;14;3;74103
861;1131;14;4;153067
861;865;14;5;256290
861;1135;14;4;153146
861;1327;14;3;76764
862;1741;10;4;69486
862;998;10;6;175411
862;936;10;7;258291
862;1693;10;5;118857
862;1304;10;3;26589
863;1946;7;5;48168
863;1843;7;6;80866
864;1786;6;5;29552
866;1405;10;5;117880
866;1138;10;7;260483
866;936;10;7;258363
866;1039;10;5;117404
866;1285;10;3;26542
867;911;5;5;17118
867;1304;5;3;1263
868;1919;5;6;32073
869;1748;6;3;3478
870;952;5;8;62478
871;1945;7;5;48027
871;1874;7;5;47578
874;1716;8;5;69342
874;1382;8;4;37766
874;1854;8;6;112831
875;1527;8;6;107992
875;1405;8;5;65721
875;948;8;4;35075
877;1877;4;5;6071
878;1639;6;4;13408
879;1614;9;4;54724
879;1983;9;5;98992
879;1476;9;4;53390
879;1416;9;5;94937
879;952;9;8;280182
880;1260;6;4;11446
889;1868;3;5;2111
890;1154;4;6;10990
891;1579;7;5;44895
891;1395;7;3;8776
892;1787;5;4;5565
897;1753;7;3;9589
897;1547;7;4;23268
898;1873;5;3;2209
901;1646;5;8;68397
903;1696;7;5;45678
903;1166;7;6;74732
905;1820;10;4;70935
905;1508;10;5;118561
905;1365;10;3;26952
905;1322;10;4;64862
905;1083;10;3;26031
909;1775;5;5;17463
911;1031;5;5;17138
912;1957;6;5;32907
912;1708;6;4;14131
913;1416;6;5;27167
914;1844;6;4;15385
915;1817;6;4;14651
917;1694;8;4;38467
917;1293;8;5;64611
917;1870;8;5;71240
919;1999;13;5;227536
919;1828;13;5;225863
919;1464;13;5;223026
919;1201;13;10;909548
919;1000;13;4;125971
919;962;13;4;125744
919;947;13;9;732307
919;1652;13;5;225040
921;1670;7;5;45628
921;1941;7;3;9795
923;1505;6;3;3406
923;930;6;4;10677
925;1450;6;3;3200
925;1307;6;3;3140
927;1973;3;5;2465
932;1816;6;6;56055
932;1795;6;5;29754
936;1492;7;4;23223
936;1008;7;4;22296
937;1965;8;5;72285
937;1633;8;4;38330
937;1461;8;6;107806
937;1794;8;5;70759
939;1966;5;5;18895
941;1935;5;4;6456
943;1122;6;3;2960
946;1965;4;5;7213
947;1351;9;6;133932
947;1065;9;4;50616
947;1110;9;8;282889
947;1207;9;4;51626
949;1742;9;5;97084
949;1853;9;6;135328
949;1645;9;2;3446
949;1407;9;4;52970
950;1396;4;4;2747
952;1651;8;5;68618
952;1501;8;6;107974
952;1192;8;3;11194
952;1044;8;4;35328
954;1918;6;5;32021
955;1720;7;4;24101
955;1341;7;4;22871
957;1594;7;5;45128
957;1798;7;3;9728
963;1812;4;5;5758
965;1983;8;5;72428
965;1420;8;5;65984
965;1900;8;5;71758
969;1791;3;4;480
972;1870;4;5;6007
974;1580;5;4;4856
976;1646;6;8;110797
979;1752;5;4;5479
983;1968;4;5;7420
988;1929;3;5;2236
992;1978;6;5;33487
992;1947;6;5;32733
995;1201;5;10;117665
996;1732;5;3;1717
998;1909;6;3;3971
998;1866;6;4;15537
999;1183;5;9;93764
1001;1092;4;3;234
1003;1969;5;4;7575
1004;1596;5;5;17322
1009;1341;7;4;22910
1009;1242;7;5;43143
1011;1584;7;4;23427
1011;1353;7;7;114539
1013;1958;10;4;72113
1013;1394;10;3;27007
1013;1043;10;6;176154
1013;1026;10;6;175485
1013;1419;10;6;182200
1015;1724;7;5;45739
1015;1740;7;5;46165
1026;1818;6;5;29915
1027;1723;6;5;28850
1028;1822;6;4;14915
1028;1601;6;8;109695
1029;1982;9;5;98964
1029;1467;9;4;53329
1029;1507;9;8;286650
1029;1680;9;4;55124
1031;1936;5;6;32125
1033;1981;5;4;7789
1036;1916;5;5;18556
1037;1615;7;4;23630
1037;1531;7;5;44529
1040;1107;7;6;74530
1040;1641;7;6;79409
1043;1457;6;5;27632
1046;1508;7;5;44464
1046;1272;7;4;22743
1049;1880;8;3;15738
1049;1803;8;3;14645
1049;1860;8;5;71223
1050;1520;7;5;44511
1050;1195;7;6;75002
1051;1886;6;5;31432
1052;1937;6;5;32250
1054;1342;7;3;8718
1054;1238;7;4;22599
1058;1835;11;6;236897
1058;1303;11;3;40587
1058;1337;11;4;86007
1058;1233;11;5;138919
1058;1149;11;5;138757
1058;1879;11;6;236951
1059;1239;7;4;22599
1059;1888;7;3;9741
1062;1794;5;5;17615
1064;1766;5;4;5506
1068;1615;8;4;38292
1068;1539;8;4;38057
1068;1510;8;5;67736
1068;1075;8;5;63028
1069;1677;6;4;13601
1070;1400;6;4;11995
1072;1902;4;5;6219
1076;1510;4;5;4574
1079;1727;8;2;2835
1079;1588;8;6;109615
1079;1360;8;2;2701
1086;1994;7;6;81058
1086;1283;7;5;43151
1086;1237;7;3;8651
1087;1745;6;4;14219
1094;1940;8;5;72075
1094;1604;8;6;109807
1094;1534;8;6;108008
1098;1623;6;4;13234
1105;1884;6;4;15788
1107;1466;6;3;3236
